-- Adminer 4.7.8 MySQL dump

SET NAMES utf8;
SET time_zone = '+00:00';
SET foreign_key_checks = 0;
SET sql_mode = 'NO_AUTO_VALUE_ON_ZERO';

DROP TABLE IF EXISTS `author`;
CREATE TABLE `author` (
  `id` int(10) unsigned NOT NULL AUTO_INCREMENT,
  `username` varchar(64) DEFAULT NULL,
  `city` varchar(64) DEFAULT NULL,
  `country` varchar(64) DEFAULT NULL,
  `user_id` int(10) unsigned DEFAULT NULL,
  `created_at` datetime NOT NULL DEFAULT '0000-00-00 00:00:00' ON UPDATE current_timestamp(),
  `updated_at` datetime DEFAULT NULL,
  PRIMARY KEY (`id`)
) ENGINE=InnoDB DEFAULT CHARSET=utf8;

INSERT INTO `author` (`id`, `username`, `city`, `country`, `user_id`, `created_at`, `updated_at`) VALUES
(1,	'Arthur',	'Kaamelott',	'Andalousie',	2,	'2021-03-31 11:00:00',	NULL),
(2,	'Perceval',	'Avalon',	'Fort fort lointain',	1,	'2021-03-31 11:00:00',	NULL),
(3,	'Karadoc',	'Byzance',	'Calédonie',	9,	'2021-03-31 11:00:00',	NULL),
(4,	'Guenièvre',	'Cornouailles',	'Kaamelott',	4,	'2021-03-31 11:00:00',	NULL),
(5,	'Bohort',	'Gaule',	'Irlande',	8,	'2021-03-31 11:00:00',	NULL),
(6,	'Merlin',	'Lac Sacré',	'Judée',	3,	'2021-03-31 11:00:00',	NULL),
(7,	'Yvain',	'Orcanie',	'Ecosse',	5,	'2021-03-31 11:00:00',	NULL),
(8,	'Lancelot',	'Colline de Silbury',	'Rome',	6,	'2021-03-31 11:00:00',	NULL),
(9,	'Demetra',	'Tintagel',	'Ygerne',	7,	'2021-03-31 11:00:00',	NULL),
(10,	'Gauvain',	'Carmélide',	'Bretagne',	10,	'2021-03-31 11:00:00',	NULL),
(20,	'Alibaba',	'Agraba',	'Arabie',	28,	'0000-00-00 00:00:00',	NULL),
(21,	'La Dame du Lac',	'Dans le lac',	'Dans la forêt',	25,	'0000-00-00 00:00:00',	NULL);

DROP TABLE IF EXISTS `shot`;
CREATE TABLE `shot` (
  `id` int(10) unsigned NOT NULL AUTO_INCREMENT,
  `title` varchar(128) NOT NULL,
  `picture` varchar(255) NOT NULL,
  `description` text DEFAULT NULL,
  `publication_date` datetime NOT NULL DEFAULT '0000-00-00 00:00:00' ON UPDATE current_timestamp(),
  `author_id` int(10) unsigned NOT NULL,
  `created_at` datetime NOT NULL DEFAULT '0000-00-00 00:00:00',
  `updated_at` datetime DEFAULT NULL,
  PRIMARY KEY (`id`)
) ENGINE=InnoDB DEFAULT CHARSET=utf8;

INSERT INTO `shot` (`id`, `title`, `picture`, `description`, `publication_date`, `author_id`, `created_at`, `updated_at`) VALUES
(1,	'Patate mon gars',	'https://images.unsplash.com/photo-1488646953014-85cb44e25828?ixid=MXwxMjA3fDB8MHxzZWFyY2h8MXx8dHJhdmVsfGVufDB8fDB8&ixlib=rb-1.2.1&auto=format&fit=crop&w=800&h=800&q=60',	'Osti qui fa frette. Ça a fessé dans le dash en esti hier, j&#39;étais paqueté en tabarnak, je suis crissement lendemain de veille. Toryeu que c&#39;est cheap cette esti de cochonnerie-là',	'2021-04-20 16:12:33',	1,	'2021-03-31 11:00:00',	'2021-04-20 16:12:33'),
(2,	'Dans le dash',	'https://images.unsplash.com/photo-1508672019048-805c876b67e2?ixid=MXwxMjA3fDB8MHxzZWFyY2h8Mnx8dHJhdmVsfGVufDB8fDB8&ixlib=rb-1.2.1&auto=format&fit=crop&w=800&h=800&q=60',	'Toryeu que c&#39;est cheap cette esti de cochonnerie-là. Bon, câlisse, tu vas-tu me crisser patience ? Des patates pilées, du steak haché, du maïs en crème, pis kin toé, du pâté chinois.',	'2021-04-20 16:15:26',	2,	'2021-03-31 11:00:00',	'2021-04-20 16:15:26'),
(3,	'Une estie de garnotte',	'https://images.unsplash.com/photo-1552733407-5d5c46c3bb3b?ixid=MXwxMjA3fDB8MHxzZWFyY2h8NHx8dHJhdmVsfGVufDB8fDB8&ixlib=rb-1.2.1&auto=format&fit=crop&w=800&h=800&q=60',	'Baptême de crisse de cibole de viande à chien, j&#39;en ai plein mon casse d&#39;être toute décalissé de la vie, avec le windshier de mon char toute déviargé par l&#39;autre esti de cave.',	'2021-04-21 22:44:10',	3,	'2021-03-31 11:00:00',	'2021-04-21 22:44:10'),
(4,	'Bout d&#39;viarge',	'https://images.unsplash.com/photo-1504150558240-0b4fd8946624?ixid=MXwxMjA3fDB8MHxzZWFyY2h8NXx8dHJhdmVsfGVufDB8fDB8&ixlib=rb-1.2.1&auto=format&fit=crop&w=800&h=800&q=60',	'Ça a fessé dans le dash en esti hier, j&#39;étais paqueté en tabarnak, je suis crissement lendemain de veille. Mon char est resté pogné dans crisse de slotche toute la nuite.',	'2021-04-21 22:44:18',	1,	'2021-03-31 11:00:00',	'2021-04-21 22:44:18'),
(5,	'Garôché une estie',	'https://images.unsplash.com/photo-1552733407-5d5c46c3bb3b?ixid=MXwxMjA3fDB8MHxzZWFyY2h8NHx8dHJhdmVsfGVufDB8fDB8&ixlib=rb-1.2.1&auto=format&fit=crop&w=800&h=800&q=60',	'Osti qui fa frette. Ça a fessé dans le dash en esti hier, j&#39;étais paqueté en tabarnak, je suis crissement lendemain de veille. Toryeu que c&#39;est cheap cette esti de cochonnerie-là',	'2021-04-21 22:44:27',	4,	'2021-03-31 11:00:00',	'2021-04-21 22:44:27'),
(6,	'Toute évaché',	'https://images.unsplash.com/photo-1488085061387-422e29b40080?ixid=MXwxMjA3fDB8MHxzZWFyY2h8Nnx8dHJhdmVsfGVufDB8fDB8&ixlib=rb-1.2.1&auto=format&fit=crop&w=800&h=800&q=60',	'Mon char est resté pogné dans crisse de slotche toute la nuite. Ferme-toé un peu le mâche-patate là, va prendre une marche ou quelque chose. Yé un peu niaiseux le niochon de voisin, il crisse eu&#39;rien avec sa vie.',	'2021-04-21 22:44:37',	5,	'2021-03-31 11:00:00',	'2021-04-21 22:44:37'),
(7,	'Face de crosseur',	'https://images.unsplash.com/photo-1476514525535-07fb3b4ae5f1?ixid=MXwxMjA3fDB8MHxzZWFyY2h8OHx8dHJhdmVsfGVufDB8fDB8&ixlib=rb-1.2.1&auto=format&fit=crop&w=800&h=800&q=60',	'Ya &#39;ien qu&#39;une affaire qui me démange, c&#39;est de le pogner par les dessours de bras pis de le câlicer au travers du châssis.',	'2021-04-21 22:44:59',	1,	'2021-03-31 11:00:00',	'2021-04-21 22:44:59'),
(8,	'La poutine',	'https://images.unsplash.com/photo-1530789253388-582c481c54b0?ixid=MXwxMjA3fDB8MHxzZWFyY2h8N3x8dHJhdmVsfGVufDB8fDB8&ixlib=rb-1.2.1&auto=format&fit=crop&w=800&h=800&q=60',	'Osti qui fa frette. Ça a fessé dans le dash en esti hier, j&#39;étais paqueté en tabarnak, je suis crissement lendemain de veille. Toryeu que c&#39;est cheap cette esti de cochonnerie-là',	'2021-04-21 22:45:16',	6,	'2021-03-31 11:00:00',	'2021-04-21 22:45:16'),
(9,	'Comme un crisse',	'https://images.unsplash.com/photo-1500530855697-b586d89ba3ee?ixid=MXwxMjA3fDB8MHxzZWFyY2h8MTB8fHRyYXZlbHxlbnwwfHwwfA%3D%3D&ixlib=rb-1.2.1&auto=format&fit=crop&w=800&h=800&q=60',	'Je crisse mon camp d&#39;icite anyway, je déguedine au plus sacrant, ça sent la cibole de marde. Ya &#39;ien qu&#39;une affaire qui me démange,',	'2021-04-21 22:45:25',	1,	'2021-03-31 11:00:00',	'2021-04-21 22:45:25'),
(10,	'Calvenusse de tabarnouche',	'https://images.unsplash.com/photo-1469854523086-cc02fe5d8800?ixid=MXwxMjA3fDB8MHxzZWFyY2h8OXx8dHJhdmVsfGVufDB8fDB8&ixlib=rb-1.2.1&auto=format&fit=crop&w=800&h=800&q=60',	'Osti qui fa frette. Ça a fessé dans le dash en esti hier, j\'étais paqueté en tabarnak, je suis crissement lendemain de veille. Toryeu que c\'est cheap cette esti de cochonnerie-là',	'2021-03-31 11:00:00',	7,	'2021-03-31 11:00:00',	NULL),
(11,	'Sa blonde',	'https://images.unsplash.com/photo-1503220317375-aaad61436b1b?ixid=MXwxMjA3fDB8MHxzZWFyY2h8MTJ8fHRyYXZlbHxlbnwwfHwwfA%3D%3D&ixlib=rb-1.2.1&auto=format&fit=crop&w=800&h=800&q=60',	' Mon char est resté pogné dans crisse de slotche toute la nuite. Ferme-toé un peu le mâche-patate là, va prendre une marche ou quelque chose. Yé un peu niaiseux le niochon de voisin, il crisse eu\'rien avec sa vie.',	'2021-03-31 11:00:00',	8,	'2021-03-31 11:00:00',	NULL),
(12,	'Il me gosse câlisse',	'https://images.unsplash.com/photo-1534534573898-db5148bc8b0c?ixid=MXwxMjA3fDB8MHxzZWFyY2h8MTV8fHRyYXZlbHxlbnwwfHwwfA%3D%3D&ixlib=rb-1.2.1&auto=format&fit=crop&w=800&h=800&q=60',	'Ça a fessé dans le dash en esti hier, j&#39;étais paqueté en tabarnak, je suis crissement lendemain de veille. Mon char est resté pogné dans crisse de slotche toute la nuite.',	'2021-04-21 22:46:13',	9,	'2021-03-31 11:00:00',	'2021-04-21 22:46:13'),
(13,	'La cibole de marde',	'https://images.unsplash.com/photo-1523906834658-6e24ef2386f9?ixid=MXwxMjA3fDB8MHxzZWFyY2h8MTR8fHRyYXZlbHxlbnwwfHwwfA%3D%3D&ixlib=rb-1.2.1&auto=format&fit=crop&w=800&h=800&q=60',	'Ya &#39;ien qu&#39;une affaire qui me démange, c&#39;est de le pogner par les dessours de bras pis de le câlicer au travers du châssis.',	'2021-04-21 22:50:54',	10,	'2021-03-31 11:00:00',	'2021-04-21 22:50:54'),
(14,	'Crisse de slotche',	'https://images.unsplash.com/photo-1500835556837-99ac94a94552?ixid=MXwxMjA3fDB8MHxzZWFyY2h8MTN8fHRyYXZlbHxlbnwwfHwwfA%3D%3D&ixlib=rb-1.2.1&auto=format&fit=crop&w=800&h=800&q=60',	'Ben coudonc, t&#39;es encore là toé ? Lâche pas la patate, enwoye, tu rentres la gogosse dans la slot pis ça va le faire.',	'2021-04-21 22:57:06',	1,	'2021-03-31 11:00:00',	'2021-04-21 22:57:06'),
(15,	'Maïs en crème',	'https://images.unsplash.com/photo-1452421822248-d4c2b47f0c81?ixid=MXwxMjA3fDB8MHxzZWFyY2h8MTd8fHRyYXZlbHxlbnwwfHwwfA%3D%3D&ixlib=rb-1.2.1&auto=format&fit=crop&w=800&h=800&q=60',	'Osti qui fa frette. Ça a fessé dans le dash en esti hier, j&#39;étais paqueté en tabarnak, je suis crissement lendemain de veille. Toryeu que c&#39;est cheap cette esti de cochonnerie-là',	'2021-04-21 22:57:17',	6,	'2021-03-31 11:00:00',	'2021-04-21 22:57:17'),
(16,	'Char de marde tu vas vouère',	'https://images.unsplash.com/photo-1516483638261-f4dbaf036963?ixlib=rb-1.2.1&ixid=MXwxMjA3fDB8MHxzZWFyY2h8MTZ8fHRyYXZlbHxlbnwwfHwwfA%3D%3D&auto=format&fit=crop&w=800&h=800&q=60',	'Osti qui fa frette. Ça a fessé dans le dash en esti hier, j&#39;étais paqueté en tabarnak, je suis crissement lendemain de veille. Toryeu que c&#39;est cheap cette esti de cochonnerie-là',	'2021-04-21 23:38:57',	8,	'2021-03-31 11:00:00',	'2021-04-21 23:38:57'),
(17,	'Sul piton',	'https://images.unsplash.com/photo-1506929562872-bb421503ef21?ixid=MXwxMjA3fDB8MHxzZWFyY2h8MjB8fHRyYXZlbHxlbnwwfHwwfA%3D%3D&ixlib=rb-1.2.1&auto=format&fit=crop&w=800&h=800&q=60',	'O Mon char est resté pogné dans crisse de slotche toute la nuite. Ferme-toé un peu le mâche-patate là, va prendre une marche ou quelque chose. Yé un peu niaiseux le niochon de voisin, il crisse eu&#39;rien avec sa vie.',	'2021-04-21 22:46:00',	7,	'2021-03-31 11:00:00',	'2021-04-21 22:46:00'),
(18,	'Baptinse',	'https://images.unsplash.com/photo-1530521954074-e64f6810b32d?ixid=MXwxMjA3fDB8MHxzZWFyY2h8MTh8fHRyYXZlbHxlbnwwfHwwfA%3D%3D&ixlib=rb-1.2.1&auto=format&fit=crop&w=800&h=800&q=60',	'Je crisse mon camp d&#39;icite anyway, je déguedine au plus sacrant, ça sent la cibole de marde. Ya &#39;ien qu&#39;une affaire qui me démange,',	'2021-04-21 22:56:55',	3,	'2021-03-31 11:00:00',	'2021-04-21 22:56:55'),
(19,	'Des patentes',	'https://images.unsplash.com/photo-1504598318550-17eba1008a68?ixid=MXwxMjA3fDB8MHxzZWFyY2h8MTl8fHRyYXZlbHxlbnwwfHwwfA%3D%3D&ixlib=rb-1.2.1&auto=format&fit=crop&w=800&h=800&q=60',	'Osti qui fa frette. Ça a fessé dans le dash en esti hier, j&#39;étais paqueté en tabarnak, je suis crissement lendemain de veille. Toryeu que c&#39;est cheap cette esti de cochonnerie-là',	'2021-04-21 22:51:17',	1,	'2021-03-31 11:00:00',	'2021-04-21 22:51:17'),
(20,	'J&#39;en ai plein mon casse',	'https://images.unsplash.com/photo-1517760444937-f6397edcbbcd?ixid=MXwxMjA3fDB8MHxzZWFyY2h8MjN8fHRyYXZlbHxlbnwwfHwwfA%3D%3D&ixlib=rb-1.2.1&auto=format&fit=crop&w=800&h=800&q=60',	'Je crisse mon camp d&#39;icite anyway, je déguedine au plus sacrant, ça sent la cibole de marde. Ya &#39;ien qu&#39;une affaire qui me démange, , je suis crissement lendemain de veille. Toryeu que c&#39;est cheap cette esti de cochonnerie-là',	'2021-04-21 22:51:07',	1,	'2021-03-31 11:00:00',	'2021-04-21 22:51:07'),
(21,	'Esti de cave',	'https://images.unsplash.com/photo-1468818438311-4bab781ab9b8?ixid=MXwxMjA3fDB8MHxzZWFyY2h8MjZ8fHRyYXZlbHxlbnwwfHwwfA%3D%3D&ixlib=rb-1.2.1&auto=format&fit=crop&w=800&h=800&q=60',	'Ya &#39;ien qu&#39;une affaire qui me démange, c&#39;est de le pogner par les dessours de bras pis de le câlicer au travers du châssis.',	'2021-04-21 22:50:41',	8,	'2021-03-31 11:00:00',	'2021-04-21 22:50:41'),
(22,	'Quessé tu veux ',	'https://images.unsplash.com/photo-1506197603052-3cc9c3a201bd?ixid=MXwxMjA3fDB8MHxzZWFyY2h8MjJ8fHRyYXZlbHxlbnwwfHwwfA%3D%3D&ixlib=rb-1.2.1&auto=format&fit=crop&w=800&h=800&q=60',	'Osti qui fa frette. Ça a fessé dans le dash en esti hier, j\'étais paqueté en tabarnak, je suis crissement lendemain de veille. Toryeu que c\'est cheap cette esti de cochonnerie-là',	'2021-03-31 11:00:00',	10,	'2021-03-31 11:00:00',	NULL),
(23,	'Mâ t&#39;en faire moé',	'https://images.unsplash.com/photo-1501785888041-af3ef285b470?ixid=MXwxMjA3fDB8MHxzZWFyY2h8MzF8fHRyYXZlbHxlbnwwfHwwfA%3D%3D&ixlib=rb-1.2.1&auto=format&fit=crop&w=800&h=800&q=60',	'Ça a fessé dans le dash en esti hier, j&#39;étais paqueté en tabarnak, je suis crissement lendemain de veille. Mon char est resté pogné dans crisse de slotche toute la nuite.',	'2021-04-21 23:39:02',	8,	'2021-03-31 11:00:00',	'2021-04-21 23:39:02'),
(24,	'Tu veux j&#39;te dise sacrament',	'https://images.unsplash.com/photo-1494783367193-149034c05e8f?ixid=MXwxMjA3fDB8MHxzZWFyY2h8MjV8fHRyYXZlbHxlbnwwfHwwfA%3D%3D&ixlib=rb-1.2.1&auto=format&fit=crop&w=800&h=800&q=60',	'Osti qui fa frette. Ça a fessé dans le dash en esti hier, j&#39;étais paqueté en tabarnak, je suis crissement lendemain de veille. Toryeu que c&#39;est cheap cette esti de cochonnerie-là',	'2021-04-21 22:52:33',	1,	'2021-03-31 11:00:00',	'2021-04-21 22:52:33'),
(25,	'Des patates pilées',	'https://images.unsplash.com/photo-1499363536502-87642509e31b?ixid=MXwxMjA3fDB8MHxzZWFyY2h8Mjh8fHRyYXZlbHxlbnwwfHwwfA%3D%3D&ixlib=rb-1.2.1&auto=format&fit=crop&w=800&h=800&q=60',	'Osti qui fa frette. Ça a fessé dans le dash en esti hier, j&#39;étais paqueté en tabarnak, je suis crissement lendemain de veille. Toryeu que c&#39;est cheap cette esti de cochonnerie-là',	'2021-04-21 23:39:26',	5,	'2021-03-31 11:00:00',	'2021-04-21 23:39:26'),
(26,	'Du steak haché',	'https://images.unsplash.com/photo-1533105079780-92b9be482077?ixid=MXwxMjA3fDB8MHxzZWFyY2h8MzB8fHRyYXZlbHxlbnwwfHwwfA%3D%3D&ixlib=rb-1.2.1&auto=format&fit=crop&w=800&h=800&q=60',	'Ben coudonc, t&#39;es encore là toé ? Lâche pas la patate, enwoye, tu rentres la gogosse dans la slot pis ça va le faire.',	'2021-04-21 22:53:10',	2,	'2021-03-31 11:00:00',	'2021-04-21 22:53:10'),
(27,	'Pis kin toé',	'https://images.unsplash.com/photo-1499062918700-389fa905494e?ixid=MXwxMjA3fDB8MHxzZWFyY2h8MzR8fHRyYXZlbHxlbnwwfHwwfA%3D%3D&ixlib=rb-1.2.1&auto=format&fit=crop&w=800&h=800&q=60',	'Osti qui fa frette. Ça a fessé dans le dash en esti hier, j&#39;étais paqueté en tabarnak, je suis crissement lendemain de veille. Toryeu que c&#39;est cheap cette esti de cochonnerie-là',	'2021-04-21 22:51:27',	5,	'2021-03-31 11:00:00',	'2021-04-21 22:51:27'),
(28,	'Du pâté chinois',	'https://images.unsplash.com/photo-1505142468610-359e7d316be0?ixid=MXwxMjA3fDB8MHxzZWFyY2h8MzZ8fHRyYXZlbHxlbnwwfHwwfA%3D%3D&ixlib=rb-1.2.1&auto=format&fit=crop&w=800&h=800&q=60',	'Osti qui fa frette. Ça a fessé dans le dash en esti hier, j&#39;étais paqueté en tabarnak, je suis crissement lendemain de veille. Toryeu que c&#39;est cheap cette esti de cochonnerie-là',	'2021-04-21 22:54:32',	7,	'2021-03-31 11:00:00',	'2021-04-21 22:54:32'),
(29,	'Tu vas m&#39;entendre baptinse',	'https://images.unsplash.com/photo-1501446529957-6226bd447c46?ixid=MXwxMjA3fDB8MHxzZWFyY2h8Mzh8fHRyYXZlbHxlbnwwfHwwfA%3D%3D&ixlib=rb-1.2.1&auto=format&fit=crop&w=800&h=800&q=60',	'Osti qui fa frette. Ça a fessé dans le dash en esti hier, j&#39;étais paqueté en tabarnak, je suis crissement lendemain de veille. Toryeu que c&#39;est cheap cette esti de cochonnerie-là',	'2021-04-21 22:52:22',	1,	'2021-03-31 11:00:00',	'2021-04-21 22:52:22'),
(30,	'Décalissé de la vie',	'https://images.unsplash.com/photo-1473625247510-8ceb1760943f?ixlib=rb-1.2.1&ixid=MXwxMjA3fDB8MHxzZWFyY2h8Mzl8fHRyYXZlbHxlbnwwfHwwfA%3D%3D&auto=format&fit=crop&w=800&h=800&q=60',	'Osti qui fa frette. Ça a fessé dans le dash en esti hier, j&#39;étais paqueté en tabarnak, je suis crissement lendemain de veille. Toryeu que c&#39;est cheap cette esti de cochonnerie-là',	'2021-04-21 22:53:21',	7,	'2021-03-31 11:00:00',	'2021-04-21 22:53:21'),
(31,	'Din patate',	'https://images.unsplash.com/photo-1522509585149-c9cd39d1ff08?ixid=MXwxMjA3fDB8MHxzZWFyY2h8NDR8fHRyYXZlbHxlbnwwfHwwfA%3D%3D&ixlib=rb-1.2.1&auto=format&fit=crop&w=800&h=800&q=60',	'Ça a fessé dans le dash en esti hier, j&#39;étais paqueté en tabarnak, je suis crissement lendemain de veille. Mon char est resté pogné dans crisse de slotche toute la nuite.',	'2021-04-21 22:52:13',	1,	'2021-03-31 11:00:00',	'2021-04-21 22:52:13'),
(32,	'Gârd le',	'https://images.unsplash.com/photo-1446160657592-4782fb76fb99?ixid=MXwxMjA3fDB8MHxzZWFyY2h8NDN8fHRyYXZlbHxlbnwwfHwwfA%3D%3D&ixlib=rb-1.2.1&auto=format&fit=crop&w=800&h=800&q=60',	'T\'es de bonne heure sul piton toé à matin, quessé qui t\'arrive ? Toryeu que c\'est cheap cette esti de cochonnerie-là',	'2021-03-31 11:00:00',	4,	'2021-03-31 11:00:00',	NULL),
(33,	'La Rafaaaale',	'https://images.unsplash.com/photo-1436491865332-7a61a109cc05?ixid=MXwxMjA3fDB8MHxzZWFyY2h8NDd8fHRyYXZlbHxlbnwwfHwwfA%3D%3D&ixlib=rb-1.2.1&auto=format&fit=crop&w=800&h=800&q=60',	'Ya &#39;ien qu&#39;une affaire qui me démange, c&#39;est de le pogner par les dessours de bras pis de le câlicer au travers du châssis.',	'2021-04-21 23:39:10',	8,	'2021-03-31 11:00:00',	'2021-04-21 23:39:10'),
(34,	'T\'es de bonne heure',	'https://images.unsplash.com/photo-1497262693247-aa258f96c4f5?ixlib=rb-1.2.1&ixid=MXwxMjA3fDB8MHxzZWFyY2h8NDB8fHRyYXZlbHxlbnwwfHwwfA%3D%3D&auto=format&fit=crop&w=800&h=800&q=60',	'Osti qui fa frette. Ça a fessé dans le dash en esti hier, j\'étais paqueté en tabarnak, je suis crissement lendemain de veille. Toryeu que c\'est cheap cette esti de cochonnerie-là',	'2021-03-31 11:00:00',	1,	'2021-03-31 11:00:00',	NULL),
(35,	'Cette esti de cochonnerie-là',	'https://images.unsplash.com/photo-1469474968028-56623f02e42e?ixid=MXwxMjA3fDB8MHxzZWFyY2h8NDh8fHRyYXZlbHxlbnwwfHwwfA%3D%3D&ixlib=rb-1.2.1&auto=format&fit=crop&w=800&h=800&q=60',	'Osti qui fa frette. Ça a fessé dans le dash en esti hier, j&#39;étais paqueté en tabarnak, je suis crissement lendemain de veille. Toryeu que c&#39;est cheap cette esti de cochonnerie-là',	'2021-04-21 22:53:44',	10,	'2021-03-31 11:00:00',	'2021-04-21 22:53:44'),
(36,	'Toryeu que c\'est cheap',	'https://images.unsplash.com/photo-1489493585363-d69421e0edd3?ixid=MXwxMjA3fDB8MHxzZWFyY2h8NTB8fHRyYXZlbHxlbnwwfHwwfA%3D%3D&ixlib=rb-1.2.1&auto=format&fit=crop&w=800&h=800&q=60',	'Osti qui fa frette. Ça a fessé dans le dash en esti hier, j\'étais paqueté en tabarnak, je suis crissement lendemain de veille. Toryeu que c\'est cheap cette esti de cochonnerie-là',	'2021-03-31 11:00:00',	10,	'2021-03-31 11:00:00',	NULL),
(37,	'Tu vas-tu me crisser patience',	'https://images.unsplash.com/photo-1506125840744-167167210587?ixid=MXwxMjA3fDB8MHxzZWFyY2h8NTJ8fHRyYXZlbHxlbnwwfHwwfA%3D%3D&ixlib=rb-1.2.1&auto=format&fit=crop&w=800&h=800&q=60',	'Mon char est resté pogné dans crisse de slotche toute la nuite. Ferme-toé un peu le mâche-patate là, va prendre une marche ou quelque chose. Yé un peu niaiseux le niochon de voisin, il crisse eu&#39;rien avec sa vie.',	'2021-04-21 22:53:32',	1,	'2021-03-31 11:00:00',	'2021-04-21 22:53:32'),
(38,	'Câlisse',	'https://images.unsplash.com/photo-1514282401047-d79a71a590e8?ixid=MXwxMjA3fDB8MHxzZWFyY2h8NTh8fHRyYXZlbHxlbnwwfHwwfA%3D%3D&ixlib=rb-1.2.1&auto=format&fit=crop&w=800&h=800&q=60',	'Osti qui fa frette. Ça a fessé dans le dash en esti hier, j\'étais paqueté en tabarnak, je suis crissement lendemain de veille. Toryeu que c\'est cheap cette esti de cochonnerie-là',	'2021-03-31 11:00:00',	6,	'2021-03-31 11:00:00',	NULL),
(39,	'Osti qui fa frette',	'https://images.unsplash.com/photo-1418854982207-12f710b74003?ixid=MXwxMjA3fDB8MHxzZWFyY2h8NjR8fHRyYXZlbHxlbnwwfHwwfA%3D%3D&ixlib=rb-1.2.1&auto=format&fit=crop&w=800&h=800&q=60',	'Osti qui fa frette. Ça a fessé dans le dash en esti hier, j\'étais paqueté en tabarnak, je suis crissement lendemain de veille. Toryeu que c\'est cheap cette esti de cochonnerie-là',	'2021-03-31 11:00:00',	3,	'2021-03-31 11:00:00',	NULL),
(40,	'Tu rentres la gogosse dans la slot',	'https://images.unsplash.com/photo-1507525428034-b723cf961d3e?ixid=MXwxMjA3fDB8MHxzZWFyY2h8Njh8fHRyYXZlbHxlbnwwfHwwfA%3D%3D&ixlib=rb-1.2.1&auto=format&fit=crop&w=800&h=800&q=60',	'Ça a fessé dans le dash en esti hier, j&#39;étais paqueté en tabarnak, je suis crissement lendemain de veille. Mon char est resté pogné dans crisse de slotche toute la nuite.',	'2021-04-21 22:52:04',	4,	'2021-03-31 11:00:00',	'2021-04-21 22:52:04'),
(41,	'Baptême de crisse de cibole de viande à chien',	'https://images.unsplash.com/photo-1483683804023-6ccdb62f86ef?ixlib=rb-1.2.1&ixid=MXwxMjA3fDB8MHxzZWFyY2h8NzF8fHRyYXZlbHxlbnwwfHwwfA%3D%3D&auto=format&fit=crop&w=800&h=800&q=60',	'Osti qui fa frette. Ça a fessé dans le dash en esti hier, j\'étais paqueté en tabarnak, je suis crissement lendemain de veille. Toryeu que c\'est cheap cette esti de cochonnerie-là',	'2021-03-31 11:00:00',	9,	'2021-03-31 11:00:00',	NULL),
(42,	'Le niochon de voisin',	'https://images.unsplash.com/photo-1468078809804-4c7b3e60a478?ixlib=rb-1.2.1&ixid=MXwxMjA3fDB8MHxzZWFyY2h8NzJ8fHRyYXZlbHxlbnwwfHwwfA%3D%3D&auto=format&fit=crop&w=800&h=800&q=60',	'Je crisse mon camp d&#39;icite anyway, je déguedine au plus sacrant, ça sent la cibole de marde. Ya &#39;ien qu&#39;une affaire qui me démange,  Toryeu que c&#39;est cheap cette esti de cochonnerie-là',	'2021-04-21 22:53:59',	9,	'2021-03-31 11:00:00',	'2021-04-21 22:53:59'),
(43,	'Les colons en bedaine',	'https://images.unsplash.com/photo-1512100356356-de1b84283e18?ixid=MXwxMjA3fDB8MHxzZWFyY2h8NzB8fHRyYXZlbHxlbnwwfHwwfA%3D%3D&ixlib=rb-1.2.1&auto=format&fit=crop&w=800&h=800&q=60',	'Osti qui fa frette. Ça a fessé dans le dash en esti hier, j&#39;étais paqueté en tabarnak, je suis crissement lendemain de veille. Toryeu que c&#39;est cheap cette esti de cochonnerie-là',	'2021-04-21 22:54:10',	3,	'2021-03-31 11:00:00',	'2021-04-21 22:54:10'),
(44,	'Pogné dans crisse de slotche',	'https://images.unsplash.com/photo-1469443168033-4623821959af?ixid=MXwxMjA3fDB8MHxzZWFyY2h8NzV8fHRyYXZlbHxlbnwwfHwwfA%3D%3D&ixlib=rb-1.2.1&auto=format&fit=crop&w=800&h=800&q=60',	'Osti qui fa frette. Ça a fessé dans le dash en esti hier, j&#39;étais paqueté en tabarnak, je suis crissement lendemain de veille. Toryeu que c&#39;est cheap cette esti de cochonnerie-là',	'2021-04-21 22:54:44',	9,	'2021-03-31 11:00:00',	'2021-04-21 22:54:44'),
(45,	'La baboune tabaslack',	'https://images.unsplash.com/photo-1487622750296-6360190669a1?ixid=MXwxMjA3fDB8MHxzZWFyY2h8Nzd8fHRyYXZlbHxlbnwwfHwwfA%3D%3D&ixlib=rb-1.2.1&auto=format&fit=crop&w=800&h=800&q=60',	'Osti qui fa frette. Ça a fessé dans le dash en esti hier, j&#39;étais paqueté en tabarnak, je suis crissement lendemain de veille. Toryeu que c&#39;est cheap cette esti de cochonnerie-là',	'2021-04-21 22:54:53',	1,	'2021-03-31 11:00:00',	'2021-04-21 22:54:53'),
(46,	'Va fondre la slutch',	'https://images.unsplash.com/photo-1500815845799-7748ca339f27?ixid=MXwxMjA3fDB8MHxzZWFyY2h8Nzl8fHRyYXZlbHxlbnwwfHwwfA%3D%3D&ixlib=rb-1.2.1&auto=format&fit=crop&w=800&h=800&q=60',	'Ya &#39;ien qu&#39;une affaire qui me démange, c&#39;est de le pogner par les dessours de bras pis de le câlicer au travers du châssis.',	'2021-04-21 22:55:20',	6,	'2021-03-31 11:00:00',	'2021-04-21 22:55:20'),
(47,	'De mon pickup toute déviargé',	'https://images.unsplash.com/photo-1512757776214-26d36777b513?ixid=MXwxMjA3fDB8MHxzZWFyY2h8ODN8fHRyYXZlbHxlbnwwfHwwfA%3D%3D&ixlib=rb-1.2.1&auto=format&fit=crop&w=800&h=800&q=60',	'Je crisse mon camp d&#39;icite anyway, je déguedine au plus sacrant, ça sent la cibole de marde. Ya &#39;ien qu&#39;une affaire qui me démange, Toryeu que c&#39;est cheap cette esti de cochonnerie-là',	'2021-04-21 22:55:41',	7,	'2021-03-31 11:00:00',	'2021-04-21 22:55:41'),
(48,	'Toute évaché comme un crisse',	'https://images.unsplash.com/photo-1472806679307-eab7abd1eb32?ixlib=rb-1.2.1&ixid=MXwxMjA3fDB8MHxzZWFyY2h8ODh8fHRyYXZlbHxlbnwwfHwwfA%3D%3D&auto=format&fit=crop&w=800&h=800&q=60',	'Ça a fessé dans le dash en esti hier, j&#39;étais paqueté en tabarnak, je suis crissement lendemain de veille. Mon char est resté pogné dans crisse de slotche toute la nuite.',	'2021-04-21 22:56:21',	7,	'2021-03-31 11:00:00',	'2021-04-21 22:56:21'),
(49,	'Lendemain de veille',	'https://images.unsplash.com/photo-1507608869274-d3177c8bb4c7?ixid=MXwxMjA3fDB8MHxzZWFyY2h8OTB8fHRyYXZlbHxlbnwwfHwwfA%3D%3D&ixlib=rb-1.2.1&auto=format&fit=crop&w=800&h=800&q=60',	'Osti qui fa frette. Ça a fessé dans le dash en esti hier, j&#39;étais paqueté en tabarnak, je suis crissement lendemain de veille. Toryeu que c&#39;est cheap cette esti de cochonnerie-là',	'2021-04-21 22:56:32',	2,	'2021-03-31 11:00:00',	'2021-04-21 22:56:32'),
(50,	'Ça a fessé dans le dash',	'https://images.unsplash.com/photo-1499678329028-101435549a4e?ixid=MXwxMjA3fDB8MHxzZWFyY2h8OTV8fHRyYXZlbHxlbnwwfHwwfA%3D%3D&ixlib=rb-1.2.1&auto=format&fit=crop&w=800&h=800&q=60',	'T\'es de bonne heure sul piton toé à matin, quessé qui t\'arrive ? Toryeu que c\'est cheap cette esti de cochonnerie-là',	'2021-03-31 11:00:00',	1,	'2021-03-31 11:00:00',	NULL),
(51,	'Patate mon gars',	'https://images.unsplash.com/photo-1530616858450-99ba4525057d?ixid=MXwxMjA3fDB8MHxzZWFyY2h8OTZ8fHRyYXZlbHxlbnwwfHwwfA%3D%3D&ixlib=rb-1.2.1&auto=format&fit=crop&w=800&h=800&q=60',	'Osti qui fa frette. Ça a fessé dans le dash en esti hier, j&#39;étais paqueté en tabarnak, je suis crissement lendemain de veille. Toryeu que c&#39;est cheap cette esti de cochonnerie-là',	'2021-04-21 22:56:46',	1,	'2021-03-31 11:00:00',	'2021-04-21 22:56:46'),
(52,	'Dans le dash',	'https://images.unsplash.com/photo-1506126483163-f4d1558dbf85?ixid=MXwxMjA3fDB8MHxzZWFyY2h8OTR8fHRyYXZlbHxlbnwwfHwwfA%3D%3D&ixlib=rb-1.2.1&auto=format&fit=crop&w=800&h=800&q=60',	'Toryeu que c&#39;est cheap cette esti de cochonnerie-là. Bon, câlisse, tu vas-tu me crisser patience ? Des patates pilées, du steak haché, du maïs en crème, pis kin toé, du pâté chinois.',	'2021-04-21 22:57:41',	2,	'2021-03-31 11:00:00',	'2021-04-21 22:57:41'),
(53,	'Une estie de garnotte',	'https://images.unsplash.com/photo-1527610276295-f4c1b38decc5?ixid=MXwxMjA3fDB8MHxzZWFyY2h8OTh8fHRyYXZlbHxlbnwwfHwwfA%3D%3D&ixlib=rb-1.2.1&auto=format&fit=crop&w=800&h=800&q=60',	'Baptême de crisse de cibole de viande à chien, j&#39;en ai plein mon casse d&#39;être toute décalissé de la vie, avec le windshier de mon char toute déviargé par l&#39;autre esti de cave.',	'2021-04-21 22:56:01',	3,	'2021-03-31 11:00:00',	'2021-04-21 22:56:01'),
(54,	'Bout d&#39;viarge',	'https://images.unsplash.com/photo-1568849676085-51415703900f?ixid=MXwxMjA3fDB8MHxzZWFyY2h8MTAyfHx0cmF2ZWx8ZW58MHx8MHw%3D&ixlib=rb-1.2.1&auto=format&fit=crop&w=800&h=800&q=60',	'Ça a fessé dans le dash en esti hier, j&#39;étais paqueté en tabarnak, je suis crissement lendemain de veille. Mon char est resté pogné dans crisse de slotche toute la nuite.',	'2021-04-21 22:55:00',	1,	'2021-03-31 11:00:00',	'2021-04-21 22:55:00'),
(55,	'Garôché une estie',	'https://images.unsplash.com/photo-1421218108559-eb1ff78357f5?ixid=MXwxMjA3fDB8MHxzZWFyY2h8MTAxfHx0cmF2ZWx8ZW58MHx8MHw%3D&ixlib=rb-1.2.1&auto=format&fit=crop&w=800&h=800&q=60',	'Osti qui fa frette. Ça a fessé dans le dash en esti hier, j&#39;étais paqueté en tabarnak, je suis crissement lendemain de veille. Toryeu que c&#39;est cheap cette esti de cochonnerie-là',	'2021-04-21 22:51:53',	4,	'2021-03-31 11:00:00',	'2021-04-21 22:51:53'),
(56,	'Toute évaché',	'https://images.unsplash.com/photo-1503944168849-8bf86875bbd8?ixid=MXwxMjA3fDB8MHxzZWFyY2h8MTA2fHx0cmF2ZWx8ZW58MHx8MHw%3D&ixlib=rb-1.2.1&auto=format&fit=crop&w=800&h=800&q=60',	'Mon char est resté pogné dans crisse de slotche toute la nuite. Ferme-toé un peu le mâche-patate là, va prendre une marche ou quelque chose. Yé un peu niaiseux le niochon de voisin, il crisse eu&#39;rien avec sa vie.',	'2021-04-21 22:55:52',	5,	'2021-03-31 11:00:00',	'2021-04-21 22:55:52'),
(57,	'Face de crosseur,',	'https://images.unsplash.com/photo-1534430224470-f52e596ced9f?ixid=MXwxMjA3fDB8MHxzZWFyY2h8MTAzfHx0cmF2ZWx8ZW58MHx8MHw%3D&ixlib=rb-1.2.1&auto=format&fit=crop&w=800&h=800&q=60',	'Ya &#39;ien qu&#39;une affaire qui me démange, c&#39;est de le pogner par les dessours de bras pis de le câlicer au travers du châssis.',	'2021-04-21 22:58:02',	1,	'2021-03-31 11:00:00',	'2021-04-21 22:58:02'),
(58,	'La poutine',	'https://images.unsplash.com/photo-1510662145379-13537db782dc?ixid=MXwxMjA3fDB8MHxzZWFyY2h8MTA5fHx0cmF2ZWx8ZW58MHx8MHw%3D&ixlib=rb-1.2.1&auto=format&fit=crop&w=800&h=800&q=60',	'Osti qui fa frette. Ça a fessé dans le dash en esti hier, j&#39;étais paqueté en tabarnak, je suis crissement lendemain de veille. Toryeu que c&#39;est cheap cette esti de cochonnerie-là',	'2021-04-21 23:00:48',	6,	'2021-03-31 11:00:00',	'2021-04-21 23:00:48'),
(59,	'Comme un crisse',	'https://images.unsplash.com/photo-1505228395891-9a51e7e86bf6?ixid=MXwxMjA3fDB8MHxzZWFyY2h8MTA3fHx0cmF2ZWx8ZW58MHx8MHw%3D&ixlib=rb-1.2.1&auto=format&fit=crop&w=800&h=800&q=60',	'Je crisse mon camp d&#39;icite anyway, je déguedine au plus sacrant, ça sent la cibole de marde. Ya &#39;ien qu&#39;une affaire qui me démange,',	'2021-04-21 23:01:03',	1,	'2021-03-31 11:00:00',	'2021-04-21 23:01:03'),
(60,	'Calvenusse de tabarnouche',	'https://images.unsplash.com/photo-1531329818183-bba7e80bfecd?ixid=MXwxMjA3fDB8MHxzZWFyY2h8MTIzfHx0cmF2ZWx8ZW58MHx8MHw%3D&ixlib=rb-1.2.1&auto=format&fit=crop&w=800&h=800&q=60',	'Osti qui fa frette. Ça a fessé dans le dash en esti hier, j\'étais paqueté en tabarnak, je suis crissement lendemain de veille. Toryeu que c\'est cheap cette esti de cochonnerie-là',	'2021-03-31 11:00:00',	7,	'2021-03-31 11:00:00',	NULL),
(61,	'Sa blonde',	'https://images.unsplash.com/photo-1518557984649-7b161c230cfa?ixid=MXwxMjA3fDB8MHxzZWFyY2h8MTI3fHx0cmF2ZWx8ZW58MHx8MHw%3D&ixlib=rb-1.2.1&auto=format&fit=crop&w=800&h=800&q=60',	' Mon char est resté pogné dans crisse de slotche toute la nuite. Ferme-toé un peu le mâche-patate là, va prendre une marche ou quelque chose. Yé un peu niaiseux le niochon de voisin, il crisse eu\'rien avec sa vie.',	'2021-03-31 11:00:00',	8,	'2021-03-31 11:00:00',	NULL),
(62,	'Il me gosse câlisse',	'https://images.unsplash.com/photo-1533676802871-eca1ae998cd5?ixid=MXwxMjA3fDB8MHxzZWFyY2h8MTI4fHx0cmF2ZWx8ZW58MHx8MHw%3D&ixlib=rb-1.2.1&auto=format&fit=crop&w=800&h=800&q=60',	'Ça a fessé dans le dash en esti hier, j&#39;étais paqueté en tabarnak, je suis crissement lendemain de veille. Mon char est resté pogné dans crisse de slotche toute la nuite.',	'2021-04-21 23:00:19',	9,	'2021-03-31 11:00:00',	'2021-04-21 23:00:19'),
(63,	'La cibole de marde',	'https://images.unsplash.com/photo-1471724603960-98bc193c621d?ixid=MXwxMjA3fDB8MHxzZWFyY2h8MTM1fHx0cmF2ZWx8ZW58MHx8MHw%3D&ixlib=rb-1.2.1&auto=format&fit=crop&w=800&h=800&q=60',	'Ya &#39;ien qu&#39;une affaire qui me démange, c&#39;est de le pogner par les dessours de bras pis de le câlicer au travers du châssis.',	'2021-04-21 23:00:04',	10,	'2021-03-31 11:00:00',	'2021-04-21 23:00:04'),
(64,	'Crisse de slotche',	'https://images.unsplash.com/photo-1463062511209-f7aa591fa72f?ixid=MXwxMjA3fDB8MHxzZWFyY2h8MTQxfHx0cmF2ZWx8ZW58MHx8MHw%3D&ixlib=rb-1.2.1&auto=format&fit=crop&w=800&h=800&q=60',	'Ben coudonc, t&#39;es encore là toé ? Lâche pas la patate, enwoye, tu rentres la gogosse dans la slot pis ça va le faire.',	'2021-04-21 23:01:30',	1,	'2021-03-31 11:00:00',	'2021-04-21 23:01:30'),
(65,	'Maïs en crème',	'https://images.unsplash.com/photo-1497501917125-1d703ac4a255?ixid=MXwxMjA3fDB8MHxzZWFyY2h8MTQwfHx0cmF2ZWx8ZW58MHx8MHw%3D&ixlib=rb-1.2.1&auto=format&fit=crop&w=800&h=800&q=60',	'Osti qui fa frette. Ça a fessé dans le dash en esti hier, j&#39;étais paqueté en tabarnak, je suis crissement lendemain de veille. Toryeu que c&#39;est cheap cette esti de cochonnerie-là',	'2021-04-21 23:05:01',	6,	'2021-03-31 11:00:00',	'2021-04-21 23:05:01'),
(66,	'Char de marde tu vas vouère',	'https://images.unsplash.com/photo-1503174768371-25049f8bf3f7?ixid=MXwxMjA3fDB8MHxzZWFyY2h8MTQ0fHx0cmF2ZWx8ZW58MHx8MHw%3D&ixlib=rb-1.2.1&auto=format&fit=crop&w=800&h=800&q=60',	'Osti qui fa frette. Ça a fessé dans le dash en esti hier, j&#39;étais paqueté en tabarnak, je suis crissement lendemain de veille. Toryeu que c&#39;est cheap cette esti de cochonnerie-là',	'2021-04-21 22:53:02',	1,	'2021-03-31 11:00:00',	'2021-04-21 22:53:02'),
(67,	'Sul piton',	'https://images.unsplash.com/photo-1449034446853-66c86144b0ad?ixid=MXwxMjA3fDB8MHxzZWFyY2h8MTQ2fHx0cmF2ZWx8ZW58MHx8MHw%3D&ixlib=rb-1.2.1&auto=format&fit=crop&w=800&h=800&q=60',	'O Mon char est resté pogné dans crisse de slotche toute la nuite. Ferme-toé un peu le mâche-patate là, va prendre une marche ou quelque chose. Yé un peu niaiseux le niochon de voisin, il crisse eu&#39;rien avec sa vie.',	'2021-04-21 23:05:23',	7,	'2021-03-31 11:00:00',	'2021-04-21 23:05:23'),
(68,	'Baptinse',	'https://images.unsplash.com/photo-1482192505345-5655af888cc4?ixid=MXwxMjA3fDB8MHxzZWFyY2h8MTQ5fHx0cmF2ZWx8ZW58MHx8MHw%3D&ixlib=rb-1.2.1&auto=format&fit=crop&w=800&h=800&q=60',	'Je crisse mon camp d&#39;icite anyway, je déguedine au plus sacrant, ça sent la cibole de marde. Ya &#39;ien qu&#39;une affaire qui me démange,',	'2021-04-21 23:01:15',	3,	'2021-03-31 11:00:00',	'2021-04-21 23:01:15'),
(69,	'Des patentes',	'https://images.unsplash.com/photo-1528917045948-9add804cabac?ixid=MXwxMjA3fDB8MHxzZWFyY2h8MTU1fHx0cmF2ZWx8ZW58MHx8MHw%3D&ixlib=rb-1.2.1&auto=format&fit=crop&w=800&h=800&q=60',	'Osti qui fa frette. Ça a fessé dans le dash en esti hier, j&#39;étais paqueté en tabarnak, je suis crissement lendemain de veille. Toryeu que c&#39;est cheap cette esti de cochonnerie-là',	'2021-04-21 23:05:39',	1,	'2021-03-31 11:00:00',	'2021-04-21 23:05:39'),
(70,	'J&#39;en ai plein mon casse',	'https://images.unsplash.com/photo-1567713759487-d2e4bc0e70c4?ixid=MXwxMjA3fDB8MHxzZWFyY2h8MTYzfHx0cmF2ZWx8ZW58MHx8MHw%3D&ixlib=rb-1.2.1&auto=format&fit=crop&w=800&h=800&q=60',	'Je crisse mon camp d&#39;icite anyway, je déguedine au plus sacrant, ça sent la cibole de marde. Ya &#39;ien qu&#39;une affaire qui me démange, , je suis crissement lendemain de veille. Toryeu que c&#39;est cheap cette esti de cochonnerie-là',	'2021-04-21 22:45:41',	1,	'2021-03-31 11:00:00',	'2021-04-21 22:45:41'),
(71,	'Esti de cave',	'https://images.unsplash.com/photo-1564419320461-6870880221ad?ixid=MXwxMjA3fDF8MHxzZWFyY2h8MXx8YmVhY2h8ZW58MHx8MHw%3D&ixlib=rb-1.2.1&auto=format&fit=crop&w=800&h=800&q=60',	'Ya &#39;ien qu&#39;une affaire qui me démange, c&#39;est de le pogner par les dessours de bras pis de le câlicer au travers du châssis.',	'2021-04-21 23:06:03',	8,	'2021-03-31 11:00:00',	'2021-04-21 23:06:03'),
(72,	'Quessé tu veux ',	'https://images.unsplash.com/photo-1519046904884-53103b34b206?ixid=MXwxMjA3fDB8MHxzZWFyY2h8Mnx8YmVhY2h8ZW58MHx8MHw%3D&ixlib=rb-1.2.1&auto=format&fit=crop&w=800&h=800&q=60',	'Osti qui fa frette. Ça a fessé dans le dash en esti hier, j\'étais paqueté en tabarnak, je suis crissement lendemain de veille. Toryeu que c\'est cheap cette esti de cochonnerie-là',	'2021-03-31 11:00:00',	10,	'2021-03-31 11:00:00',	NULL),
(73,	'Mâ t\'en faire moé',	'https://images.unsplash.com/photo-1476673160081-cf065607f449?ixid=MXwxMjA3fDB8MHxzZWFyY2h8NHx8YmVhY2h8ZW58MHx8MHw%3D&ixlib=rb-1.2.1&auto=format&fit=crop&w=800&h=800&q=60',	'Ça a fessé dans le dash en esti hier, j\'étais paqueté en tabarnak, je suis crissement lendemain de veille. Mon char est resté pogné dans crisse de slotche toute la nuite.',	'2021-03-31 11:00:00',	1,	'2021-03-31 11:00:00',	NULL),
(74,	'Tu veux j&#39;te dise sacrament',	'https://images.unsplash.com/photo-1454391304352-2bf4678b1a7a?ixid=MXwxMjA3fDB8MHxzZWFyY2h8Nnx8YmVhY2h8ZW58MHx8MHw%3D&ixlib=rb-1.2.1&auto=format&fit=crop&w=800&h=800&q=60',	'Osti qui fa frette. Ça a fessé dans le dash en esti hier, j&#39;étais paqueté en tabarnak, je suis crissement lendemain de veille. Toryeu que c&#39;est cheap cette esti de cochonnerie-là',	'2021-04-21 23:06:47',	1,	'2021-03-31 11:00:00',	'2021-04-21 23:06:47'),
(75,	'Des patates pilées',	'https://images.unsplash.com/photo-1534570122623-99e8378a9aa7?ixid=MXwxMjA3fDB8MHxzZWFyY2h8NXx8YmVhY2h8ZW58MHx8MHw%3D&ixlib=rb-1.2.1&auto=format&fit=crop&w=800&h=800&q=60',	'Osti qui fa frette. Ça a fessé dans le dash en esti hier, j\'étais paqueté en tabarnak, je suis crissement lendemain de veille. Toryeu que c\'est cheap cette esti de cochonnerie-là',	'2021-03-31 11:00:00',	1,	'2021-03-31 11:00:00',	NULL),
(76,	'Du steak haché',	'https://images.unsplash.com/photo-1506477331477-33d5d8b3dc85?ixid=MXwxMjA3fDB8MHxzZWFyY2h8N3x8YmVhY2h8ZW58MHx8MHw%3D&ixlib=rb-1.2.1&auto=format&fit=crop&w=800&h=800&q=60',	'Ben coudonc, t&#39;es encore là toé ? Lâche pas la patate, enwoye, tu rentres la gogosse dans la slot pis ça va le faire.',	'2021-04-21 22:59:38',	2,	'2021-03-31 11:00:00',	'2021-04-21 22:59:38'),
(77,	'Pis kin toé',	'https://images.unsplash.com/photo-1506953823976-52e1fdc0149a?ixid=MXwxMjA3fDB8MHxzZWFyY2h8MTB8fGJlYWNofGVufDB8fDB8&ixlib=rb-1.2.1&auto=format&fit=crop&w=800&h=800&q=60',	'Osti qui fa frette. Ça a fessé dans le dash en esti hier, j&#39;étais paqueté en tabarnak, je suis crissement lendemain de veille. Toryeu que c&#39;est cheap cette esti de cochonnerie-là',	'2021-04-21 22:59:47',	5,	'2021-03-31 11:00:00',	'2021-04-21 22:59:47'),
(78,	'Du pâté chinois',	'https://images.unsplash.com/photo-1473496169904-658ba7c44d8a?ixid=MXwxMjA3fDB8MHxzZWFyY2h8MTV8fGJlYWNofGVufDB8fDB8&ixlib=rb-1.2.1&auto=format&fit=crop&w=800&h=800&q=60',	'Osti qui fa frette. Ça a fessé dans le dash en esti hier, j&#39;étais paqueté en tabarnak, je suis crissement lendemain de veille. Toryeu que c&#39;est cheap cette esti de cochonnerie-là',	'2021-04-21 23:05:51',	7,	'2021-03-31 11:00:00',	'2021-04-21 23:05:51'),
(79,	'Tu vas m&#39;entendre baptinse',	'https://images.unsplash.com/photo-1468413253725-0d5181091126?ixid=MXwxMjA3fDB8MHxzZWFyY2h8MTR8fGJlYWNofGVufDB8fDB8&ixlib=rb-1.2.1&auto=format&fit=crop&w=800&h=800&q=60',	'Osti qui fa frette. Ça a fessé dans le dash en esti hier, j&#39;étais paqueté en tabarnak, je suis crissement lendemain de veille. Toryeu que c&#39;est cheap cette esti de cochonnerie-là',	'2021-04-21 23:04:46',	1,	'2021-03-31 11:00:00',	'2021-04-21 23:04:46'),
(80,	'Décalissé de la vie',	'https://images.unsplash.com/photo-1471922694854-ff1b63b20054?ixid=MXwxMjA3fDB8MHxzZWFyY2h8MTd8fGJlYWNofGVufDB8fDB8&ixlib=rb-1.2.1&auto=format&fit=crop&w=800&h=800&q=60',	'Osti qui fa frette. Ça a fessé dans le dash en esti hier, j&#39;étais paqueté en tabarnak, je suis crissement lendemain de veille. Toryeu que c&#39;est cheap cette esti de cochonnerie-là',	'2021-04-21 23:03:47',	7,	'2021-03-31 11:00:00',	'2021-04-21 23:03:47'),
(81,	'Din patate',	'https://images.unsplash.com/photo-1437719417032-8595fd9e9dc6?ixid=MXwxMjA3fDB8MHxzZWFyY2h8MTh8fGJlYWNofGVufDB8fDB8&ixlib=rb-1.2.1&auto=format&fit=crop&w=800&h=800&q=60',	'Ça a fessé dans le dash en esti hier, j&#39;étais paqueté en tabarnak, je suis crissement lendemain de veille. Mon char est resté pogné dans crisse de slotche toute la nuite.',	'2021-04-21 23:03:31',	1,	'2021-03-31 11:00:00',	'2021-04-21 23:03:31'),
(82,	'Gârd le',	'https://images.unsplash.com/photo-1509233725247-49e657c54213?ixid=MXwxMjA3fDB8MHxzZWFyY2h8MjN8fGJlYWNofGVufDB8fDB8&ixlib=rb-1.2.1&auto=format&fit=crop&w=800&h=800&q=60',	'T\'es de bonne heure sul piton toé à matin, quessé qui t\'arrive ? Toryeu que c\'est cheap cette esti de cochonnerie-là',	'2021-03-31 11:00:00',	4,	'2021-03-31 11:00:00',	NULL),
(83,	'La Rafaaaale',	'https://images.unsplash.com/photo-1508313157893-34fe6176c189?ixlib=rb-1.2.1&ixid=MXwxMjA3fDB8MHxzZWFyY2h8Mjd8fGJlYWNofGVufDB8fDB8&auto=format&fit=crop&w=800&h=800&q=60',	'Ya \'ien qu\'une affaire qui me démange, c\'est de le pogner par les dessours de bras pis de le câlicer au travers du châssis.',	'2021-03-31 11:00:00',	1,	'2021-03-31 11:00:00',	NULL),
(84,	'T\'es de bonne heure',	'https://images.unsplash.com/reserve/O7A9fAvYSXC7NTdz8gLQ_IMGP1039.jpg?ixlib=rb-1.2.1&ixid=MXwxMjA3fDB8MHxzZWFyY2h8Mjl8fGJlYWNofGVufDB8fDB8&auto=format&fit=crop&w=800&h=800&q=60',	'Osti qui fa frette. Ça a fessé dans le dash en esti hier, j\'étais paqueté en tabarnak, je suis crissement lendemain de veille. Toryeu que c\'est cheap cette esti de cochonnerie-là',	'2021-03-31 11:00:00',	1,	'2021-03-31 11:00:00',	NULL),
(85,	'Cette esti de cochonnerie-là',	'https://images.unsplash.com/photo-1523538290088-51e3e7d1c00d?ixlib=rb-1.2.1&ixid=MXwxMjA3fDB8MHxzZWFyY2h8NDF8fGJlYWNofGVufDB8fDB8&auto=format&fit=crop&w=800&h=800&q=60',	'Osti qui fa frette. Ça a fessé dans le dash en esti hier, j&#39;étais paqueté en tabarnak, je suis crissement lendemain de veille. Toryeu que c&#39;est cheap cette esti de cochonnerie-là',	'2021-04-21 23:03:23',	10,	'2021-03-31 11:00:00',	'2021-04-21 23:03:23'),
(86,	'Toryeu que c\'est cheap',	'https://images.unsplash.com/photo-1471357674240-e1a485acb3e1?ixlib=rb-1.2.1&ixid=MXwxMjA3fDB8MHxzZWFyY2h8NTB8fGJlYWNofGVufDB8fDB8&auto=format&fit=crop&w=800&h=800&q=60',	'Osti qui fa frette. Ça a fessé dans le dash en esti hier, j\'étais paqueté en tabarnak, je suis crissement lendemain de veille. Toryeu que c\'est cheap cette esti de cochonnerie-là',	'2021-03-31 11:00:00',	10,	'2021-03-31 11:00:00',	NULL),
(87,	'Tu vas-tu me crisser patience',	'https://images.unsplash.com/photo-1443397646383-16272048780e?ixid=MXwxMjA3fDB8MHxzZWFyY2h8NDd8fGJlYWNofGVufDB8fDB8&ixlib=rb-1.2.1&auto=format&fit=crop&w=800&h=800&q=60',	'Mon char est resté pogné dans crisse de slotche toute la nuite. Ferme-toé un peu le mâche-patate là, va prendre une marche ou quelque chose. Yé un peu niaiseux le niochon de voisin, il crisse eu&#39;rien avec sa vie.',	'2021-04-21 22:59:22',	1,	'2021-03-31 11:00:00',	'2021-04-21 22:59:22'),
(88,	'Câlisse',	'https://images.unsplash.com/photo-1521499420147-36d5bfc2781f?ixid=MXwxMjA3fDB8MHxzZWFyY2h8NTV8fGJlYWNofGVufDB8fDB8&ixlib=rb-1.2.1&auto=format&fit=crop&w=800&h=800&q=60',	'Osti qui fa frette. Ça a fessé dans le dash en esti hier, j\'étais paqueté en tabarnak, je suis crissement lendemain de veille. Toryeu que c\'est cheap cette esti de cochonnerie-là',	'2021-03-31 11:00:00',	6,	'2021-03-31 11:00:00',	NULL),
(89,	'Osti qui fa frette',	'https://images.unsplash.com/photo-1499115715094-e58b465d8e3e?ixid=MXwxMjA3fDB8MHxzZWFyY2h8NTR8fGJlYWNofGVufDB8fDB8&ixlib=rb-1.2.1&auto=format&fit=crop&w=800&h=800&q=60',	'Osti qui fa frette. Ça a fessé dans le dash en esti hier, j\'étais paqueté en tabarnak, je suis crissement lendemain de veille. Toryeu que c\'est cheap cette esti de cochonnerie-là',	'2021-03-31 11:00:00',	3,	'2021-03-31 11:00:00',	NULL),
(90,	'Tu rentres la gogosse dans la slot',	'https://images.unsplash.com/photo-1470596914251-afb0b4510279?ixid=MXwxMjA3fDB8MHxzZWFyY2h8NjR8fGJlYWNofGVufDB8fDB8&ixlib=rb-1.2.1&auto=format&fit=crop&w=800&h=800&q=60',	'Ça a fessé dans le dash en esti hier, j&#39;étais paqueté en tabarnak, je suis crissement lendemain de veille. Mon char est resté pogné dans crisse de slotche toute la nuite.',	'2021-04-21 23:04:02',	4,	'2021-03-31 11:00:00',	'2021-04-21 23:04:02'),
(91,	'Baptême de crisse de cibole de viande à chien',	'https://images.unsplash.com/photo-1516633630673-67bbad747022?ixid=MXwxMjA3fDB8MHxzZWFyY2h8Njl8fGJlYWNofGVufDB8fDB8&ixlib=rb-1.2.1&auto=format&fit=crop&w=800&h=800&q=60',	'Osti qui fa frette. Ça a fessé dans le dash en esti hier, j\'étais paqueté en tabarnak, je suis crissement lendemain de veille. Toryeu que c\'est cheap cette esti de cochonnerie-là',	'2021-03-31 11:00:00',	9,	'2021-03-31 11:00:00',	NULL),
(92,	'Le niochon de voisin',	'https://images.unsplash.com/photo-1506693416494-8f87b6778a13?ixid=MXwxMjA3fDB8MHxzZWFyY2h8NzV8fGJlYWNofGVufDB8fDB8&ixlib=rb-1.2.1&auto=format&fit=crop&w=800&h=800&q=60',	'Je crisse mon camp d&#39;icite anyway, je déguedine au plus sacrant, ça sent la cibole de marde. Ya &#39;ien qu&#39;une affaire qui me démange,  Toryeu que c&#39;est cheap cette esti de cochonnerie-là',	'2021-04-21 23:08:27',	9,	'2021-03-31 11:00:00',	'2021-04-21 23:08:27'),
(93,	'Les colons en bedaine',	'https://images.unsplash.com/photo-1440778303588-435521a205bc?ixid=MXwxMjA3fDB8MHxzZWFyY2h8Mnx8YmVhY2glMjByZWFkaW5nfGVufDB8fDB8&ixlib=rb-1.2.1&auto=format&fit=crop&w=800&h=800&q=60',	'Osti qui fa frette. Ça a fessé dans le dash en esti hier, j&#39;étais paqueté en tabarnak, je suis crissement lendemain de veille. Toryeu que c&#39;est cheap cette esti de cochonnerie-là',	'2021-04-21 23:07:08',	3,	'2021-03-31 11:00:00',	'2021-04-21 23:07:08'),
(94,	'Pogné dans crisse de slotche',	'https://images.unsplash.com/photo-1474149609615-ce5628f98c80?ixid=MXwxMjA3fDB8MHxzZWFyY2h8M3x8YmVhY2glMjByZWFkaW5nfGVufDB8fDB8&ixlib=rb-1.2.1&auto=format&fit=crop&w=800&h=800&q=60',	'Osti qui fa frette. Ça a fessé dans le dash en esti hier, j&#39;étais paqueté en tabarnak, je suis crissement lendemain de veille. Toryeu que c&#39;est cheap cette esti de cochonnerie-là',	'2021-04-21 23:08:53',	9,	'2021-03-31 11:00:00',	'2021-04-21 23:08:53'),
(95,	'La baboune tabaslack',	'https://images.unsplash.com/photo-1600507452872-a83a7e750b0d?ixid=MXwxMjA3fDB8MHxzZWFyY2h8NXx8YmVhY2glMjByZWFkaW5nfGVufDB8fDB8&ixlib=rb-1.2.1&auto=format&fit=crop&w=800&h=800&q=60',	'Osti qui fa frette. Ça a fessé dans le dash en esti hier, j&#39;étais paqueté en tabarnak, je suis crissement lendemain de veille. Toryeu que c&#39;est cheap cette esti de cochonnerie-là',	'2021-04-21 22:59:30',	1,	'2021-03-31 11:00:00',	'2021-04-21 22:59:30'),
(96,	'Va fondre la slutch',	'https://images.unsplash.com/photo-1518802275072-29e005210686?ixlib=rb-1.2.1&ixid=MXwxMjA3fDB8MHxzZWFyY2h8MzJ8fGJlYWNoJTIwcmVhZGluZ3xlbnwwfHwwfA%3D%3D&auto=format&fit=crop&w=800&h=800&q=60',	'Ya &#39;ien qu&#39;une affaire qui me démange, c&#39;est de le pogner par les dessours de bras pis de le câlicer au travers du châssis.',	'2021-04-21 23:03:39',	6,	'2021-03-31 11:00:00',	'2021-04-21 23:03:39'),
(97,	'De mon pickup toute déviargé',	'https://images.unsplash.com/photo-1614505241550-0777412c47ec?ixid=MXwxMjA3fDB8MHxzZWFyY2h8MzZ8fGJlYWNoJTIwcmVhZGluZ3xlbnwwfHwwfA%3D%3D&ixlib=rb-1.2.1&auto=format&fit=crop&w=800&h=800&q=60',	'Je crisse mon camp d&#39;icite anyway, je déguedine au plus sacrant, ça sent la cibole de marde. Ya &#39;ien qu&#39;une affaire qui me démange, Toryeu que c&#39;est cheap cette esti de cochonnerie-là',	'2021-04-21 23:02:58',	7,	'2021-03-31 11:00:00',	'2021-04-21 23:02:58'),
(98,	'Toute évaché comme un crisse',	'https://images.unsplash.com/photo-1571070347483-9d9b1f8ab915?ixid=MXwxMjA3fDB8MHxzZWFyY2h8NDB8fGJlYWNoJTIwcmVhZGluZ3xlbnwwfHwwfA%3D%3D&ixlib=rb-1.2.1&auto=format&fit=crop&w=800&h=800&q=60',	'Ça a fessé dans le dash en esti hier, j&#39;étais paqueté en tabarnak, je suis crissement lendemain de veille. Mon char est resté pogné dans crisse de slotche toute la nuite.',	'2021-04-21 23:04:20',	7,	'2021-03-31 11:00:00',	'2021-04-21 23:04:20'),
(99,	'Lendemain de veille',	'https://images.unsplash.com/photo-1542086260-ddb62f405c8b?ixid=MXwxMjA3fDB8MHxzZWFyY2h8NDN8fGJlYWNoJTIwcmVhZGluZ3xlbnwwfHwwfA%3D%3D&ixlib=rb-1.2.1&auto=format&fit=crop&w=800&h=800&q=60',	'Osti qui fa frette. Ça a fessé dans le dash en esti hier, j&#39;étais paqueté en tabarnak, je suis crissement lendemain de veille. Toryeu que c&#39;est cheap cette esti de cochonnerie-là',	'2021-04-21 23:08:02',	2,	'2021-03-31 11:00:00',	'2021-04-21 23:08:02'),
(100,	'Ça a fessé dans le dash',	'https://images.unsplash.com/photo-1573144987056-a4be5b0074bc?ixid=MXwxMjA3fDB8MHxzZWFyY2h8M3x8aG9sbGlkYXlzfGVufDB8fDB8&ixlib=rb-1.2.1&auto=format&fit=crop&w=800&h=800&q=60',	'T\'es de bonne heure sul piton toé à matin, quessé qui t\'arrive ? Toryeu que c\'est cheap cette esti de cochonnerie-là',	'2021-03-31 11:00:00',	1,	'2021-03-31 11:00:00',	NULL),
(101,	'Patate mon gars',	'https://images.unsplash.com/photo-1550436379-5e78573525c4?ixid=MXwxMjA3fDB8MHxzZWFyY2h8NXx8aG9sbGlkYXlzfGVufDB8fDB8&ixlib=rb-1.2.1&auto=format&fit=crop&w=800&h=800&q=60',	'Osti qui fa frette. Ça a fessé dans le dash en esti hier, j&#39;étais paqueté en tabarnak, je suis crissement lendemain de veille. Toryeu que c&#39;est cheap cette esti de cochonnerie-là',	'2021-04-21 22:59:54',	1,	'2021-03-31 11:00:00',	'2021-04-21 22:59:54'),
(102,	'Dans le dash',	'https://images.unsplash.com/photo-1616677781597-e75cb285b2cb?ixid=MXwxMjA3fDB8MHxzZWFyY2h8Nnx8aG9sbGlkYXlzfGVufDB8fDB8&ixlib=rb-1.2.1&auto=format&fit=crop&w=800&h=800&q=60',	'Toryeu que c&#39;est cheap cette esti de cochonnerie-là. Bon, câlisse, tu vas-tu me crisser patience ? Des patates pilées, du steak haché, du maïs en crème, pis kin toé, du pâté chinois.',	'2021-04-21 22:59:06',	2,	'2021-03-31 11:00:00',	'2021-04-21 22:59:06'),
(103,	'Une estie de garnotte',	'https://images.unsplash.com/photo-1610380859995-753de36e824d?ixid=MXwxMjA3fDB8MHxzZWFyY2h8MTN8fGhvbGxpZGF5c3xlbnwwfHwwfA%3D%3D&ixlib=rb-1.2.1&auto=format&fit=crop&w=800&h=800&q=60',	'Baptême de crisse de cibole de viande à chien, j&#39;en ai plein mon casse d&#39;être toute décalissé de la vie, avec le windshier de mon char toute déviargé par l&#39;autre esti de cave.',	'2021-04-21 23:09:32',	3,	'2021-03-31 11:00:00',	'2021-04-21 23:09:32'),
(104,	'Bout d&#39;viarge',	'https://images.unsplash.com/photo-1614065263944-15c1f6230cd1?ixid=MXwxMjA3fDB8MHxzZWFyY2h8MTd8fGhvbGxpZGF5c3xlbnwwfHwwfA%3D%3D&ixlib=rb-1.2.1&auto=format&fit=crop&w=800&h=800&q=60',	'Ça a fessé dans le dash en esti hier, j&#39;étais paqueté en tabarnak, je suis crissement lendemain de veille. Mon char est resté pogné dans crisse de slotche toute la nuite.',	'2021-04-21 23:08:10',	1,	'2021-03-31 11:00:00',	'2021-04-21 23:08:10'),
(105,	'Garôché une estie',	'https://images.unsplash.com/photo-1604420504944-faf557a48b34?ixid=MXwxMjA3fDB8MHxzZWFyY2h8NTZ8fGhvbGxpZGF5c3xlbnwwfHwwfA%3D%3D&ixlib=rb-1.2.1&auto=format&fit=crop&w=800&h=800&q=60',	'Osti qui fa frette. Ça a fessé dans le dash en esti hier, j&#39;étais paqueté en tabarnak, je suis crissement lendemain de veille. Toryeu que c&#39;est cheap cette esti de cochonnerie-là',	'2021-04-21 23:11:06',	4,	'2021-03-31 11:00:00',	'2021-04-21 23:11:06'),
(106,	'Toute évaché',	'https://images.unsplash.com/photo-1572240086232-53b835a2ca39?ixid=MXwxMjA3fDB8MHxzZWFyY2h8NjN8fGhvbGxpZGF5c3xlbnwwfHwwfA%3D%3D&ixlib=rb-1.2.1&auto=format&fit=crop&w=800&h=800&q=60',	'Mon char est resté pogné dans crisse de slotche toute la nuite. Ferme-toé un peu le mâche-patate là, va prendre une marche ou quelque chose. Yé un peu niaiseux le niochon de voisin, il crisse eu&#39;rien avec sa vie.',	'2021-04-21 23:11:17',	5,	'2021-03-31 11:00:00',	'2021-04-21 23:11:17'),
(107,	'Face de crosseur',	'https://images.unsplash.com/photo-1519055548599-6d4d129508c4?ixid=MXwxMjA3fDB8MHxzZWFyY2h8M3x8dHJhdmVsbGluZ3xlbnwwfHwwfA%3D%3D&ixlib=rb-1.2.1&auto=format&fit=crop&w=800&h=800&q=60',	'Ya &#39;ien qu&#39;une affaire qui me démange, c&#39;est de le pogner par les dessours de bras pis de le câlicer au travers du châssis.',	'2021-04-21 23:02:29',	1,	'2021-03-31 11:00:00',	'2021-04-21 23:02:29'),
(108,	'La poutine',	'https://images.unsplash.com/photo-1533850595620-7b1711221751?ixid=MXwxMjA3fDB8MHxzZWFyY2h8NHx8dHJhdmVsbGluZ3xlbnwwfHwwfA%3D%3D&ixlib=rb-1.2.1&auto=format&fit=crop&w=800&h=800&q=60',	'Osti qui fa frette. Ça a fessé dans le dash en esti hier, j&#39;étais paqueté en tabarnak, je suis crissement lendemain de veille. Toryeu que c&#39;est cheap cette esti de cochonnerie-là',	'2021-04-21 23:02:38',	6,	'2021-03-31 11:00:00',	'2021-04-21 23:02:38'),
(109,	'Comme un crisse',	'https://images.unsplash.com/photo-1592388748465-8c4dca8dd703?ixid=MXwxMjA3fDB8MHxzZWFyY2h8N3x8dHJhdmVsbGluZ3xlbnwwfHwwfA%3D%3D&ixlib=rb-1.2.1&auto=format&fit=crop&w=800&h=800&q=60',	'Je crisse mon camp d&#39;icite anyway, je déguedine au plus sacrant, ça sent la cibole de marde. Ya &#39;ien qu&#39;une affaire qui me démange,',	'2021-04-21 23:11:32',	1,	'2021-03-31 11:00:00',	'2021-04-21 23:11:32'),
(110,	'Calvenusse de tabarnouche',	'https://images.unsplash.com/photo-1540339832862-474599807836?ixid=MXwxMjA3fDB8MHxzZWFyY2h8OHx8dHJhdmVsbGluZ3xlbnwwfHwwfA%3D%3D&ixlib=rb-1.2.1&auto=format&fit=crop&w=800&h=800&q=60',	'Osti qui fa frette. Ça a fessé dans le dash en esti hier, j\'étais paqueté en tabarnak, je suis crissement lendemain de veille. Toryeu que c\'est cheap cette esti de cochonnerie-là',	'2021-03-31 11:00:00',	7,	'2021-03-31 11:00:00',	NULL),
(111,	'Sa blonde',	'https://images.unsplash.com/photo-1517103962281-4c1a9dd98571?ixid=MXwxMjA3fDB8MHxzZWFyY2h8MTJ8fHRyYXZlbGxpbmd8ZW58MHx8MHw%3D&ixlib=rb-1.2.1&auto=format&fit=crop&w=800&h=800&q=60',	' Mon char est resté pogné dans crisse de slotche toute la nuite. Ferme-toé un peu le mâche-patate là, va prendre une marche ou quelque chose. Yé un peu niaiseux le niochon de voisin, il crisse eu\'rien avec sa vie.',	'2021-03-31 11:00:00',	8,	'2021-03-31 11:00:00',	NULL),
(112,	'Il me gosse câlisse',	'https://images.unsplash.com/photo-1560695089-4f492591e86c?ixid=MXwxMjA3fDB8MHxzZWFyY2h8MTV8fHRyYXZlbGxpbmd8ZW58MHx8MHw%3D&ixlib=rb-1.2.1&auto=format&fit=crop&w=800&h=800&q=60',	'Ça a fessé dans le dash en esti hier, j&#39;étais paqueté en tabarnak, je suis crissement lendemain de veille. Mon char est resté pogné dans crisse de slotche toute la nuite.',	'2021-04-21 23:08:19',	9,	'2021-03-31 11:00:00',	'2021-04-21 23:08:19'),
(113,	'La cibole de marde',	'https://images.unsplash.com/photo-1519962551779-514fa155be9a?ixid=MXwxMjA3fDB8MHxzZWFyY2h8MTd8fHRyYXZlbGxpbmd8ZW58MHx8MHw%3D&ixlib=rb-1.2.1&auto=format&fit=crop&w=800&h=800&q=60',	'Ya &#39;ien qu&#39;une affaire qui me démange, c&#39;est de le pogner par les dessours de bras pis de le câlicer au travers du châssis.',	'2021-04-21 23:03:55',	10,	'2021-03-31 11:00:00',	'2021-04-21 23:03:55'),
(114,	'Crisse de slotche',	'https://images.unsplash.com/photo-1550515634-e260bde29399?ixid=MXwxMjA3fDB8MHxzZWFyY2h8MjB8fHRyYXZlbGxpbmd8ZW58MHx8MHw%3D&ixlib=rb-1.2.1&auto=format&fit=crop&w=800&h=800&q=60',	'Ben coudonc, t&#39;es encore là toé ? Lâche pas la patate, enwoye, tu rentres la gogosse dans la slot pis ça va le faire.',	'2021-04-21 22:59:14',	1,	'2021-03-31 11:00:00',	'2021-04-21 22:59:14'),
(115,	'Maïs en crème',	'https://images.unsplash.com/photo-1472991735047-84ec55579757?ixid=MXwxMjA3fDB8MHxzZWFyY2h8MzJ8fHRyYXZlbGxpbmd8ZW58MHx8MHw%3D&ixlib=rb-1.2.1&auto=format&fit=crop&w=800&h=800&q=60',	'Osti qui fa frette. Ça a fessé dans le dash en esti hier, j&#39;étais paqueté en tabarnak, je suis crissement lendemain de veille. Toryeu que c&#39;est cheap cette esti de cochonnerie-là',	'2021-04-21 23:08:39',	6,	'2021-03-31 11:00:00',	'2021-04-21 23:08:39'),
(116,	'Char de marde tu vas vouère',	'https://images.unsplash.com/photo-1593185522616-f745b4b7d7d6?ixid=MXwxMjA3fDB8MHxzZWFyY2h8Mzd8fHRyYXZlbGxpbmd8ZW58MHx8MHw%3D&ixlib=rb-1.2.1&auto=format&fit=crop&w=800&h=800&q=60',	'Osti qui fa frette. Ça a fessé dans le dash en esti hier, j&#39;étais paqueté en tabarnak, je suis crissement lendemain de veille. Toryeu que c&#39;est cheap cette esti de cochonnerie-là',	'2021-04-21 23:02:20',	1,	'2021-03-31 11:00:00',	'2021-04-21 23:02:20'),
(117,	'Sul piton',	'https://images.unsplash.com/photo-1571249692357-fd1418f95042?ixid=MXwxMjA3fDB8MHxzZWFyY2h8MzV8fHRyYXZlbGxpbmd8ZW58MHx8MHw%3D&ixlib=rb-1.2.1&auto=format&fit=crop&w=800&h=800&q=60',	'O Mon char est resté pogné dans crisse de slotche toute la nuite. Ferme-toé un peu le mâche-patate là, va prendre une marche ou quelque chose. Yé un peu niaiseux le niochon de voisin, il crisse eu&#39;rien avec sa vie.',	'2021-04-21 23:03:15',	7,	'2021-03-31 11:00:00',	'2021-04-21 23:03:15'),
(118,	'Baptinse',	'https://images.unsplash.com/photo-1519401044381-28e3a2c24165?ixid=MXwxMjA3fDB8MHxzZWFyY2h8NDN8fHRyYXZlbGxpbmd8ZW58MHx8MHw%3D&ixlib=rb-1.2.1&auto=format&fit=crop&w=800&h=800&q=60',	'Je crisse mon camp d&#39;icite anyway, je déguedine au plus sacrant, ça sent la cibole de marde. Ya &#39;ien qu&#39;une affaire qui me démange,',	'2021-04-21 23:11:52',	3,	'2021-03-31 11:00:00',	'2021-04-21 23:11:52'),
(119,	'Des patentes',	'https://images.unsplash.com/photo-1563747790059-12254aa35ce7?ixid=MXwxMjA3fDB8MHxzZWFyY2h8NDF8fHRyYXZlbGxpbmd8ZW58MHx8MHw%3D&ixlib=rb-1.2.1&auto=format&fit=crop&w=800&h=800&q=60',	'Osti qui fa frette. Ça a fessé dans le dash en esti hier, j&#39;étais paqueté en tabarnak, je suis crissement lendemain de veille. Toryeu que c&#39;est cheap cette esti de cochonnerie-là',	'2021-04-21 23:12:03',	1,	'2021-03-31 11:00:00',	'2021-04-21 23:12:03'),
(120,	'J&#39;en ai plein mon casse',	'https://images.unsplash.com/photo-1545167496-c1e092d383a2?ixid=MXwxMjA3fDB8MHxzZWFyY2h8OHx8bW9yb2Njb3xlbnwwfHwwfA%3D%3D&ixlib=rb-1.2.1&auto=format&fit=crop&w=800&h=800&q=60',	'Je crisse mon camp d&#39;icite anyway, je déguedine au plus sacrant, ça sent la cibole de marde. Ya &#39;ien qu&#39;une affaire qui me démange, , je suis crissement lendemain de veille. Toryeu que c&#39;est cheap cette esti de cochonnerie-là',	'2021-04-21 23:12:17',	1,	'2021-03-31 11:00:00',	'2021-04-21 23:12:17'),
(121,	'Esti de cave',	'https://images.unsplash.com/photo-1519594445471-0e5f86b3fb09?ixid=MXwxMjA3fDB8MHxzZWFyY2h8MjB8fG1vcm9jY298ZW58MHx8MHw%3D&ixlib=rb-1.2.1&auto=format&fit=crop&w=800&h=800&q=60',	'Ya &#39;ien qu&#39;une affaire qui me démange, c&#39;est de le pogner par les dessours de bras pis de le câlicer au travers du châssis.',	'2021-04-21 23:04:12',	8,	'2021-03-31 11:00:00',	'2021-04-21 23:04:12'),
(122,	'Quessé tu veux ',	'https://images.unsplash.com/photo-1538600838042-6a0c694ffab5?ixid=MXwxMjA3fDB8MHxzZWFyY2h8M3x8bW9yb2Njb3xlbnwwfHwwfA%3D%3D&ixlib=rb-1.2.1&auto=format&fit=crop&w=800&h=800&q=60',	'Osti qui fa frette. Ça a fessé dans le dash en esti hier, j\'étais paqueté en tabarnak, je suis crissement lendemain de veille. Toryeu que c\'est cheap cette esti de cochonnerie-là',	'2021-03-31 11:00:00',	10,	'2021-03-31 11:00:00',	NULL),
(123,	'Mâ t\'en faire moé',	'https://images.unsplash.com/photo-1489749798305-4fea3ae63d43?ixid=MXwxMjA3fDB8MHxzZWFyY2h8Mnx8bW9yb2Njb3xlbnwwfHwwfA%3D%3D&ixlib=rb-1.2.1&auto=format&fit=crop&w=800&h=800&q=60',	'Ça a fessé dans le dash en esti hier, j\'étais paqueté en tabarnak, je suis crissement lendemain de veille. Mon char est resté pogné dans crisse de slotche toute la nuite.',	'2021-03-31 11:00:00',	1,	'2021-03-31 11:00:00',	NULL),
(124,	'Tu veux j&#39;te dise sacrament',	'https://images.unsplash.com/photo-1526994387180-9557a434b046?ixid=MXwxMjA3fDB8MHxzZWFyY2h8NTN8fG1vcm9jY298ZW58MHx8MHw%3D&ixlib=rb-1.2.1&auto=format&fit=crop&w=800&h=800&q=60',	'Osti qui fa frette. Ça a fessé dans le dash en esti hier, j&#39;étais paqueté en tabarnak, je suis crissement lendemain de veille. Toryeu que c&#39;est cheap cette esti de cochonnerie-là',	'2021-04-21 23:12:33',	1,	'2021-03-31 11:00:00',	'2021-04-21 23:12:33'),
(125,	'Des patates pilées',	'https://images.unsplash.com/photo-1536237482339-e8b36fe0bc63?ixid=MXwxMjA3fDB8MHxzZWFyY2h8NTl8fG1vcm9jY298ZW58MHx8MHw%3D&ixlib=rb-1.2.1&auto=format&fit=crop&w=800&h=800&q=60',	'Osti qui fa frette. Ça a fessé dans le dash en esti hier, j\'étais paqueté en tabarnak, je suis crissement lendemain de veille. Toryeu que c\'est cheap cette esti de cochonnerie-là',	'2021-03-31 11:00:00',	1,	'2021-03-31 11:00:00',	NULL),
(126,	'Du steak haché',	'https://images.unsplash.com/photo-1523831309492-f4f35dd82f9b?ixid=MXwxMjA3fDB8MHxzZWFyY2h8NjB8fG1vcm9jY298ZW58MHx8MHw%3D&ixlib=rb-1.2.1&auto=format&fit=crop&w=800&h=800&q=60',	'Ben coudonc, t&#39;es encore là toé ? Lâche pas la patate, enwoye, tu rentres la gogosse dans la slot pis ça va le faire.',	'2021-04-21 23:12:43',	2,	'2021-03-31 11:00:00',	'2021-04-21 23:12:43'),
(128,	'Du pâté chinois',	'https://images.unsplash.com/photo-1529852582378-eb1bec1a940e?ixid=MXwxMjA3fDB8MHxzZWFyY2h8NjR8fG1vcm9jY298ZW58MHx8MHw%3D&ixlib=rb-1.2.1&auto=format&fit=crop&w=800&h=800&q=60',	'Osti qui fa frette. Ça a fessé dans le dash en esti hier, j&#39;étais paqueté en tabarnak, je suis crissement lendemain de veille. Toryeu que c&#39;est cheap cette esti de cochonnerie-là',	'2021-04-21 23:12:57',	7,	'2021-03-31 11:00:00',	'2021-04-21 23:12:57'),
(129,	'Tu vas m&#39;entendre baptinse',	'https://images.unsplash.com/photo-1609944708251-a2d46acb4546?ixid=MXwxMjA3fDB8MHxzZWFyY2h8NzN8fG1vcm9jY298ZW58MHx8MHw%3D&ixlib=rb-1.2.1&auto=format&fit=crop&w=800&h=800&q=60',	'Osti qui fa frette. Ça a fessé dans le dash en esti hier, j&#39;étais paqueté en tabarnak, je suis crissement lendemain de veille. Toryeu que c&#39;est cheap cette esti de cochonnerie-là',	'2021-04-21 23:13:08',	1,	'2021-03-31 11:00:00',	'2021-04-21 23:13:08'),
(130,	'Décalissé de la vie',	'https://images.unsplash.com/photo-1518896552618-a96b72ae3bd1?ixid=MXwxMjA3fDB8MHxzZWFyY2h8Nzd8fG1vcm9jY298ZW58MHx8MHw%3D&ixlib=rb-1.2.1&auto=format&fit=crop&w=800&h=800&q=60',	'Osti qui fa frette. Ça a fessé dans le dash en esti hier, j&#39;étais paqueté en tabarnak, je suis crissement lendemain de veille. Toryeu que c&#39;est cheap cette esti de cochonnerie-là',	'2021-04-21 23:04:34',	7,	'2021-03-31 11:00:00',	'2021-04-21 23:04:34'),
(131,	'Din patate',	'https://images.unsplash.com/photo-1611919278642-34360d07bdd7?ixid=MXwxMjA3fDB8MHxzZWFyY2h8OTJ8fG1vcm9jY298ZW58MHx8MHw%3D&ixlib=rb-1.2.1&auto=format&fit=crop&w=800&h=800&q=60',	'Ça a fessé dans le dash en esti hier, j&#39;étais paqueté en tabarnak, je suis crissement lendemain de veille. Mon char est resté pogné dans crisse de slotche toute la nuite.',	'2021-04-21 23:02:50',	1,	'2021-03-31 11:00:00',	'2021-04-21 23:02:50'),
(132,	'Gârd le',	'https://images.unsplash.com/photo-1598022124758-26d09adcb7b6?ixid=MXwxMjA3fDB8MHxzZWFyY2h8MTAzfHxtb3JvY2NvfGVufDB8fDB8&ixlib=rb-1.2.1&auto=format&fit=crop&w=800&h=800&q=60',	'T\'es de bonne heure sul piton toé à matin, quessé qui t\'arrive ? Toryeu que c\'est cheap cette esti de cochonnerie-là',	'2021-03-31 11:00:00',	4,	'2021-03-31 11:00:00',	NULL),
(133,	'La Rafaaaale',	'https://images.unsplash.com/photo-1535038743996-5cc170e89591?ixid=MXwxMjA3fDB8MHxzZWFyY2h8MTA3fHxtb3JvY2NvfGVufDB8fDB8&ixlib=rb-1.2.1&auto=format&fit=crop&w=800&h=800&q=60',	'Ya \'ien qu\'une affaire qui me démange, c\'est de le pogner par les dessours de bras pis de le câlicer au travers du châssis.',	'2021-03-31 11:00:00',	1,	'2021-03-31 11:00:00',	NULL),
(134,	'T\'es de bonne heure',	'https://images.unsplash.com/photo-1527609432937-be3e326d2f0e?ixid=MXwxMjA3fDB8MHxzZWFyY2h8MTMwfHxtb3JvY2NvfGVufDB8fDB8&ixlib=rb-1.2.1&auto=format&fit=crop&w=800&h=800&q=60',	'Osti qui fa frette. Ça a fessé dans le dash en esti hier, j\'étais paqueté en tabarnak, je suis crissement lendemain de veille. Toryeu que c\'est cheap cette esti de cochonnerie-là',	'2021-03-31 11:00:00',	1,	'2021-03-31 11:00:00',	NULL),
(135,	'Cette esti de cochonnerie-là',	'https://images.unsplash.com/photo-1481745486357-db59f73c484a?ixid=MXwxMjA3fDB8MHxzZWFyY2h8MTI2fHxtb3JvY2NvfGVufDB8fDB8&ixlib=rb-1.2.1&auto=format&fit=crop&w=800&h=800&q=60',	'Osti qui fa frette. Ça a fessé dans le dash en esti hier, j&#39;étais paqueté en tabarnak, je suis crissement lendemain de veille. Toryeu que c&#39;est cheap cette esti de cochonnerie-là',	'2021-04-21 23:13:26',	10,	'2021-03-31 11:00:00',	'2021-04-21 23:13:26'),
(136,	'Toryeu que c\'est cheap',	'https://images.unsplash.com/photo-1536237837395-1f5ed3a211d4?ixid=MXwxMjA3fDB8MHxzZWFyY2h8MTMxfHxtb3JvY2NvfGVufDB8fDB8&ixlib=rb-1.2.1&auto=format&fit=crop&w=800&h=800&q=60',	'Osti qui fa frette. Ça a fessé dans le dash en esti hier, j\'étais paqueté en tabarnak, je suis crissement lendemain de veille. Toryeu que c\'est cheap cette esti de cochonnerie-là',	'2021-03-31 11:00:00',	10,	'2021-03-31 11:00:00',	NULL),
(137,	'Tu vas-tu me crisser patience',	'https://images.unsplash.com/photo-1513644183929-03d571e0bf5c?ixid=MXwxMjA3fDB8MHxzZWFyY2h8MTM0fHxtb3JvY2NvfGVufDB8fDB8&ixlib=rb-1.2.1&auto=format&fit=crop&w=800&h=800&q=60',	'Mon char est resté pogné dans crisse de slotche toute la nuite. Ferme-toé un peu le mâche-patate là, va prendre une marche ou quelque chose. Yé un peu niaiseux le niochon de voisin, il crisse eu&#39;rien avec sa vie.',	'2021-04-21 23:02:12',	1,	'2021-03-31 11:00:00',	'2021-04-21 23:02:12'),
(138,	'Câlisse',	'https://images.unsplash.com/photo-1601909712659-5182280d09ab?ixid=MXwxMjA3fDB8MHxzZWFyY2h8MTYxfHxtb3JvY2NvfGVufDB8fDB8&ixlib=rb-1.2.1&auto=format&fit=crop&w=800&h=800&q=60',	'Osti qui fa frette. Ça a fessé dans le dash en esti hier, j\'étais paqueté en tabarnak, je suis crissement lendemain de veille. Toryeu que c\'est cheap cette esti de cochonnerie-là',	'2021-03-31 11:00:00',	6,	'2021-03-31 11:00:00',	NULL),
(139,	'Osti qui fa frette',	'https://images.unsplash.com/photo-1609264894114-78045447e951?ixid=MXwxMjA3fDB8MHxzZWFyY2h8MTY2fHxtb3JvY2NvfGVufDB8fDB8&ixlib=rb-1.2.1&auto=format&fit=crop&w=800&h=800&q=60',	'Osti qui fa frette. Ça a fessé dans le dash en esti hier, j\'étais paqueté en tabarnak, je suis crissement lendemain de veille. Toryeu que c\'est cheap cette esti de cochonnerie-là',	'2021-03-31 11:00:00',	3,	'2021-03-31 11:00:00',	NULL),
(140,	'Tu rentres la gogosse dans la slot',	'https://images.unsplash.com/photo-1559845877-23f2566a9975?ixid=MXwxMjA3fDB8MHxzZWFyY2h8MTY3fHxtb3JvY2NvfGVufDB8fDB8&ixlib=rb-1.2.1&auto=format&fit=crop&w=800&h=800&q=60',	'Ça a fessé dans le dash en esti hier, j&#39;étais paqueté en tabarnak, je suis crissement lendemain de veille. Mon char est resté pogné dans crisse de slotche toute la nuite.',	'2021-04-21 23:13:44',	4,	'2021-03-31 11:00:00',	'2021-04-21 23:13:44'),
(141,	'Baptême de crisse de cibole de viande à chien',	'https://images.unsplash.com/photo-1598365198301-df3c18f3c930?ixid=MXwxMjA3fDB8MHxzZWFyY2h8MTcxfHxtb3JvY2NvfGVufDB8fDB8&ixlib=rb-1.2.1&auto=format&fit=crop&w=800&h=800&q=60',	'Osti qui fa frette. Ça a fessé dans le dash en esti hier, j\'étais paqueté en tabarnak, je suis crissement lendemain de veille. Toryeu que c\'est cheap cette esti de cochonnerie-là',	'2021-03-31 11:00:00',	9,	'2021-03-31 11:00:00',	NULL),
(142,	'Le niochon de voisin',	'https://images.unsplash.com/photo-1599671230574-d3d880e674a9?ixid=MXwxMjA3fDB8MHxzZWFyY2h8MTcyfHxtb3JvY2NvfGVufDB8fDB8&ixlib=rb-1.2.1&auto=format&fit=crop&w=800&h=800&q=60',	'Je crisse mon camp d&#39;icite anyway, je déguedine au plus sacrant, ça sent la cibole de marde. Ya &#39;ien qu&#39;une affaire qui me démange,  Toryeu que c&#39;est cheap cette esti de cochonnerie-là',	'2021-04-21 23:07:54',	9,	'2021-03-31 11:00:00',	'2021-04-21 23:07:54'),
(143,	'Les colons en bedaine',	'https://images.unsplash.com/photo-1518368896106-08d4277dbcb9?ixid=MXwxMjA3fDB8MHxzZWFyY2h8MTk3fHxtb3JvY2NvfGVufDB8fDB8&ixlib=rb-1.2.1&auto=format&fit=crop&w=800&h=800&q=60',	'Osti qui fa frette. Ça a fessé dans le dash en esti hier, j&#39;étais paqueté en tabarnak, je suis crissement lendemain de veille. Toryeu que c&#39;est cheap cette esti de cochonnerie-là',	'2021-04-21 23:07:44',	3,	'2021-03-31 11:00:00',	'2021-04-21 23:07:44'),
(145,	'La baboune tabaslack',	'https://images.unsplash.com/photo-1490999227831-419689580f92?ixid=MXwxMjA3fDB8MHxzZWFyY2h8MjE0fHxtb3JvY2NvfGVufDB8fDB8&ixlib=rb-1.2.1&auto=format&fit=crop&w=800&h=800&q=60',	'Osti qui fa frette. Ça a fessé dans le dash en esti hier, j&#39;étais paqueté en tabarnak, je suis crissement lendemain de veille. Toryeu que c&#39;est cheap cette esti de cochonnerie-là',	'2021-04-21 23:07:35',	1,	'2021-03-31 11:00:00',	'2021-04-21 23:07:35'),
(146,	'Va fondre la slutch',	'https://images.unsplash.com/photo-1609179643486-63d11a29e3e5?ixid=MXwxMjA3fDB8MHxzZWFyY2h8MjE3fHxtb3JvY2NvfGVufDB8fDB8&ixlib=rb-1.2.1&auto=format&fit=crop&w=800&h=800&q=60',	'Ya &#39;ien qu&#39;une affaire qui me démange, c&#39;est de le pogner par les dessours de bras pis de le câlicer au travers du châssis.',	'2021-04-21 22:58:36',	6,	'2021-03-31 11:00:00',	'2021-04-21 22:58:36'),
(147,	'De mon pickup toute déviargé',	'https://images.unsplash.com/photo-1508153389642-44b0dcefb79f?ixlib=rb-1.2.1&ixid=MXwxMjA3fDB8MHxzZWFyY2h8MjIwfHxtb3JvY2NvfGVufDB8fDB8&auto=format&fit=crop&w=800&h=800&q=60',	'Je crisse mon camp d&#39;icite anyway, je déguedine au plus sacrant, ça sent la cibole de marde. Ya &#39;ien qu&#39;une affaire qui me démange, Toryeu que c&#39;est cheap cette esti de cochonnerie-là',	'2021-04-21 22:58:49',	7,	'2021-03-31 11:00:00',	'2021-04-21 22:58:49'),
(148,	'Toute évaché comme un crisse',	'https://images.unsplash.com/photo-1509030034677-7e7fd91edc6f?ixid=MXwxMjA3fDB8MHxzZWFyY2h8MjI1fHxtb3JvY2NvfGVufDB8fDB8&ixlib=rb-1.2.1&auto=format&fit=crop&w=800&h=800&q=60',	'Ça a fessé dans le dash en esti hier, j&#39;étais paqueté en tabarnak, je suis crissement lendemain de veille. Mon char est resté pogné dans crisse de slotche toute la nuite.',	'2021-04-21 22:58:23',	7,	'2021-03-31 11:00:00',	'2021-04-21 22:58:23'),
(149,	'Lendemain de veille',	'https://images.unsplash.com/photo-1554013561-23e45b5d200c?ixid=MXwxMjA3fDB8MHxzZWFyY2h8MjE5fHxtb3JvY2NvfGVufDB8fDB8&ixlib=rb-1.2.1&auto=format&fit=crop&w=800&h=800&q=60',	'Osti qui fa frette. Ça a fessé dans le dash en esti hier, j&#39;étais paqueté en tabarnak, je suis crissement lendemain de veille. Toryeu que c&#39;est cheap cette esti de cochonnerie-là',	'2021-04-21 22:58:13',	2,	'2021-03-31 11:00:00',	'2021-04-21 22:58:13'),
(150,	'Ça a fessé dans le dash',	'https://images.unsplash.com/photo-1518463600716-223f6c3b8305?ixid=MXwxMjA3fDB8MHxzZWFyY2h8MjI4fHxtb3JvY2NvfGVufDB8fDB8&ixlib=rb-1.2.1&auto=format&fit=crop&w=800&h=800&q=60',	'T&#39;es de bonne heure sul piton toé à matin, quessé qui t&#39;arrive ? Toryeu que c&#39;est cheap cette esti de cochonnerie-là',	'2021-04-21 23:13:58',	8,	'2021-03-31 11:00:00',	'2021-04-21 23:13:58'),
(914,	'Pogné dans crisse de slotche',	'https://images.unsplash.com/photo-1553523291-b7201abf5142?ixid=MXwxMjA3fDB8MHxzZWFyY2h8MjAyfHxtb3JvY2NvfGVufDB8fDB8&ixlib=rb-1.2.1&auto=format&fit=crop&w=800&h=800&q=60',	'Osti qui fa frette. Ça a fessé dans le dash en esti hier, j&#39;étais paqueté en tabarnak, je suis crissement lendemain de veille. Toryeu que c&#39;est cheap cette esti de cochonnerie-là',	'2021-04-21 22:51:43',	9,	'2021-03-31 11:00:00',	'2021-04-21 22:51:43');

DROP TABLE IF EXISTS `user`;
CREATE TABLE `user` (
  `id` int(10) unsigned NOT NULL AUTO_INCREMENT,
  `firstname` varchar(64) NOT NULL,
  `lastname` varchar(64) NOT NULL,
  `email` varchar(128) NOT NULL,
  `password` varchar(128) NOT NULL,
  `role` enum('admin','author','superadmin') NOT NULL,
  `author_id` int(10) unsigned DEFAULT NULL,
  `created_at` datetime NOT NULL DEFAULT '0000-00-00 00:00:00' ON UPDATE current_timestamp(),
  `updated_at` datetime DEFAULT NULL,
  PRIMARY KEY (`id`),
  UNIQUE KEY `email` (`email`)
) ENGINE=InnoDB DEFAULT CHARSET=utf8;

INSERT INTO `user` (`id`, `firstname`, `lastname`, `email`, `password`, `role`, `author_id`, `created_at`, `updated_at`) VALUES
(1,	'François',	'Pignon',	'pignon@gmail.com',	'$2y$10$Q0M.4GRtZUztfGTJEq.Orecl/GYKhcCcYFblTdDKRhHqKl9msA.YC',	'author',	2,	'2021-03-31 11:00:00',	NULL),
(2,	'Ronald',	'McDonald',	'mcdonald@gmail.com',	'$2y$10$fKdMvv4oG0owbLahq8vwRu4xmnII9rxil4x6l10v4nmTnG9vqkEGu',	'author',	1,	'2021-03-31 11:00:00',	NULL),
(3,	'James',	'Bond',	'bond@gmail.com',	'$2y$10$vPH9kEVYEPTpEXT4NK7VxeMRyqEBnxjoJlR4HSfuTKX6S3jXIACCu',	'author',	6,	'2021-03-31 11:00:00',	NULL),
(4,	'Jacquouille',	'La Fripouille',	'jacquouille@gmail.com',	'$2y$10$P7T6ROCUv.xGMjCnK1xu4u8nKfk2FCK0sQhYg3ViGryzot1AuXSc6',	'admin',	4,	'2021-04-22 01:01:43',	'2021-04-22 01:01:43'),
(5,	'Anakin',	'Skywalker',	'skywalker@gmail.com',	'$2y$10$8UuWlkxtbLeef8PLTPJ1/u8ICFeBtNDkOSCxG8qcYy.LKmDdXrFly',	'author',	7,	'2021-03-31 11:00:00',	NULL),
(6,	'Brice',	'De Nice',	'brice@gmail.com',	'$2y$10$kAGZI//bnU6PB82VZROaeezKRfAwR.y4J7iRBP0Q331Vw2iLxR3HS',	'author',	8,	'2021-03-31 11:00:00',	NULL),
(7,	'Capitaine',	'Haddock',	'haddock@gmail.com',	'$2y$10$iCY5p8vtDQePQoe.KDlXe.0B1MlZFjgJYarAoQVd4q0uGu5QjZ.VO',	'admin',	9,	'2021-03-31 11:00:00',	NULL),
(8,	'Charlie',	'Brown',	'charlie@gmail.com',	'$2y$10$qEgl1nn.9R.gRs6QLxi6neK7p62QTmH7ic/j.wlJvjHtgflcVXhb2',	'author',	5,	'2021-03-31 11:00:00',	NULL),
(9,	'Bernard',	'Morin',	'morin@gmail.com',	'$2y$10$RZRUGpdRrsbFgK2Rm7yULOUACDgigF1oJfBCymSZvRsQ.QQBe2o66',	'author',	3,	'2021-03-31 11:00:00',	NULL),
(10, 'Indiana',	'Jones',	'indiana@gmail.com',	'$2y$10$qG7Et2Bte89okCMljYxRv.pXFTr9JAjjZDZ4vdFArBHnGercW6GNC',	'author',	10,	'2021-03-31 11:00:00',	NULL),
(25, 'Fidia',	'El B',	'fidia@gmail.com',	'$2y$10$MAvjHCRWJkLrfPaCsmrCSuOBp8Oq3K5zD9a8EyAkr1VRn/7okiNqa',	'superadmin',	21,	'2021-04-23 16:31:53', '2021-04-23 16:31:53'),
(28, 'Quiche',	'Lorraine',	'quiche@gmail.com',	'$2y$10$rcJRMadsQgFfyYEWSZxd1OWbXTEdlSYlkie0/0Bvq/ZtJkrkiDT9q',	'author',	20,	'2021-04-21 21:01:29', '2021-04-21 21:01:29');

-- 2021-04-24 16:25:52